drug_idx	cosine	rank	drug_smiles	leakage_class	drug_name	tag	panel_leakage_class
39497	0.37955272	1	Cc1cc(C(C)C)ccc1-n1cc2c(=O)[nH]c(N3CCCC3)nc2n1	A			
39538	0.37200794	2	Cc1ccc(C(F)(F)F)cc1Nc1nc(C(=O)NS(=O)(=O)N(C(C)C)C(C)C)co1	A			
20138	0.37123296	3	CC(C)(O)c1coc(S(=O)(=O)NC(=O)Nc2c3c(cc4c2CCC4)CCC3)c1	B	MCC950	gold_standard	B
39695	0.37118194	4	CC(C)(O)c1coc(S(=O)(=O)NC(=O)Nc2c3c(cc4c2CCC4)CCC3)n1	A			
39800	0.37106276	5	CCS(=O)(=O)Cc1csc(/C=C/S(=O)(=O)NC(=O)Nc2c3c(cc4c2CCC4)CCC3)n1	A			
39468	0.3705396	6	CS(=O)(=O)NC(=O)c1cnc(Nc2c3c(cc4c2CCC4)CCC3)o1	A			
39843	0.36507115	7	O=c1[nH]c(N2CCOCC2)nc2nn(-c3ccc(C4CC4)cc3C(F)F)cc12	A			
39848	0.3645497	8	O=c1[nH]c(N2CCOCCO2)nc2nn(-c3ccc(C4CC4)cc3C(F)(F)F)cc12	A			
39535	0.3624943	9	Cc1ccc(C(C)C)cc1Nc1nc(C(=O)NS(=O)(=O)N(C)Cc2ccccn2)co1	A			
39515	0.36158532	10	Cc1cc(C2CC2)ccc1-n1cc2c(=O)[nH]c(N3CCCC3)nc2n1	A			
39793	0.36047322	11	CCOC(=O)c1nnc(Nc2c3c(cc4c2CCC4)CCC3)o1	A			
39696	0.35798076	12	CC(C)(O)c1coc(S(=O)(=O)NC(=O)Nc2c3c(cc4c2CCC4O)CCC3)c1	A			
39462	0.3570591	13	COc1ccc(C(C)C)c(Nc2nc(C(=O)NS(=O)(=O)N3CCCOCC3)co2)c1	A			
20137	0.35564047	14	CC(C)(C)c1coc(S(=O)(=O)NC(=O)Nc2c3c(cc4c2CCC4)CCC3)c1	B			
39430	0.35500392	15	CNc1nc2nn(-c3c(C)cc(C4CC4)cc3C)cc2c(=O)[nH]1	A			
39524	0.35424364	16	Cc1cc(OC(F)F)cc(C)c1-n1cc2c(=O)[nH]c(N3CCOCC3=O)nc2n1	A			
39694	0.35298046	17	CC(C)(O)c1coc(S(=O)(=O)NC(=O)Nc2c3c(cc4c2CC(O)C4)CCC3)c1	A			
39708	0.35240296	18	CC(C)OC(=O)[C@H](Cc1ncccn1)OC(=O)Nc1c2c(cc3c1CCC3)CCC2	A			
39520	0.3517592	19	Cc1cc(N2CCC2)cc(C)c1-n1cc2c(=O)[nH]c(N3CCOCC3)nc2n1	A			
39572	0.35155618	20	Cc1ccc(CC(F)(F)F)cc1Nc1nc(C(=O)NS(=O)(=O)N2CCCOCC2)co1	A			
39505	0.34886035	21	Cc1cc(C)cc(-n2cc3c(=O)[nH]c(N4CCCC4)nc3n2)c1	A			
39511	0.34874958	22	Cc1cc(C2CC2)cc(Cl)c1-n1cc2c(=O)[nH]c(N3CC4CC(C3)O4)nc2n1	A			
39697	0.3485091	23	CC(C)(O)c1coc(S(=O)(=O)NC(=O)Nc2c3c(cc4c2CC[C@@H]4O)CCC3)c1	A			
39738	0.34831595	24	CC(C)c1cn(C(C)C)nc1Nc1nc(C(=O)NS(=O)(=O)N2CCOCCC2C)co1	A			
39698	0.3481982	25	CC(C)(O)c1coc(S(=O)(=O)NC(=O)Nc2c3c(cc4c2CC[C@H]4O)CCC3)c1	A			
20174	0.3448844	26	CCCNS(=O)(=O)c1ccc2c(c1)CC(N(Cc1cc(Cl)ccc1OCCOC)C(=O)C(C)(C)C)C2	B			
39734	0.3446057	27	CC(C)c1ccccc1-n1cc2c(=O)[nH]c(N3CCCC3)nc2n1	A			
39805	0.3445979	28	CCc1ccc(-n2cc3c(=O)[nH]c(N4CCCC4)nc3n2)c(C)c1	A			
39784	0.3444505	29	CCOC(=O)C(Cc1ncccn1)OC(=O)Nc1c2c(cc3c1CCC3)CCC2	A			
20167	0.34429726	30	CCCNS(=O)(=O)c1ccc2c(c1)CC(N(Cc1cc(Cl)ccc1OCCC)C(=O)Cc1ccsc1)C2	B			
39802	0.34384826	31	CC[S+]([O-])Cc1csc(/C=C/S(=O)(=O)NC(=O)Nc2c3c(cc4c2CCC4)CCC3)n1	A			
39737	0.3437821	32	CC(C)c1cn(C(C)C)nc1Nc1nc(C(=O)NS(=O)(=O)N2CCCOCC2)co1	A			
39836	0.3425547	33	O=c1[nH]c(N2CCCC2CO)nc2nn(-c3ccc(C(F)(F)F)cc3Cl)cc12	A			
39484	0.34246528	34	Cc1cc(Br)cc(C)c1-n1cc2c(=O)[nH]c(NCCF)nc2n1	A			
39554	0.3422906	35	Cc1ccc(C(F)(F)F)cc1Nc1nc(C(=O)NS(=O)(=O)N2CCC(c3ccccc3)CC2)co1	A			
39542	0.34194067	36	Cc1ccc(C(F)(F)F)cc1Nc1nc(C(=O)NS(=O)(=O)N(C)CC2CCCC2)co1	A			
39509	0.3413967	37	Cc1cc(C2CC2)cc(C)c1-n1cc2c(=O)[nH]c(N3CCC3)nc2n1	A			
19926	0.33813742	38	C#CCNS(=O)(=O)c1ccc(CCN(Cc2ccccc2OCCC)C(=O)Cc2ccsc2)cc1	B			
39736	0.3378353	39	CC(C)c1cn(C(C)C)nc1Nc1nc(C(=O)NS(=O)(=O)N2CCCC2)co1	A			
39500	0.33690274	40	Cc1cc(C(F)(F)F)cnc1-n1cc2c(=O)[nH]c(N3CC(F)(F)C3)nc2n1	A			
39847	0.33676755	41	O=c1[nH]c(N2CCOCC2)nc2nn(-c3ccc(OC(F)F)cc3C(F)(F)F)cc12	A			
19896	0.3359012	42	C#CCNS(=O)(=O)c1ccc(CCN(Cc2cc(Br)ccc2OCCC)C(=O)Cc2ccsc2)cc1	B			
39575	0.3339756	43	Cc1cccc(-n2cc3c(=O)[nH]c(N4CCCC4)nc3n2)c1	A			
20178	0.33317742	44	CCCNS(=O)(=O)c1ccc2c(c1)CC(N(Cc1cc(Cl)ccc1OCCOC)C(=O)CBr)C2	B			
20177	0.33306178	45	CCCNS(=O)(=O)c1ccc2c(c1)CC(N(Cc1cc(Cl)ccc1OCCOC)C(=O)C1CCOCC1)C2	B			
39733	0.33244956	46	CC(C)c1ccc(C(F)(F)F)cc1Nc1nc(C(=O)NS(=O)(=O)N2CCCN(C)CC2)co1	A			
39508	0.33202213	47	Cc1cc(C2CC2)cc(C(F)(F)F)c1-n1cc2c(=O)[nH]c(N3CCOCC3)nc2n1	A			
39420	0.3320196	48	CN(C(=O)N=S(N)(=O)c1cnc(C(C)(C)O)s1)c1c2c(cc3c1CCC3)CCC2	A			
39699	0.33145472	49	CC(C)(O)c1csc(S(N)(=O)=NC(=O)Nc2c3c(c(C#N)c4c2CCC4)CCC3)c1	A			
39496	0.33126187	50	Cc1cc(C#N)ccc1-n1cc2c(=O)[nH]c(N3CCCC3)nc2n1	A			
39689	0.33125886	51	CC(C)(C)c1ccc(-n2cc3c(=O)[nH]c(N4CCOCC4)nc3n2)c(Br)c1	A			
39513	0.33085406	52	Cc1cc(C2CC2)cc(F)c1-n1cc2c(=O)[nH]c(N3CCOCC3)nc2n1	A			
20194	0.33076447	53	CCCNS(=O)(=O)c1ccc2c(c1)CC(N(Cc1cc(Cl)ccc1OCCOC)C(=O)c1cccs1)C2	B			
39562	0.33074713	54	Cc1ccc(C(F)(F)F)cc1Nc1nc(C(=O)NS(=O)(=O)NC(C)C)co1	A			
39595	0.3305157	55	Cc1ncc(S(=O)(=O)NC(=O)Nc2c3c(cc4c2CCC4)CCC3)s1	A			
39529	0.33039275	56	Cc1ccc(-n2cc3c(=O)[nH]c(N4CCCC4)nc3n2)c(Cl)c1	A			
20176	0.33036098	57	CCCNS(=O)(=O)c1ccc2c(c1)CC(N(Cc1cc(Cl)ccc1OCCOC)C(=O)C1CCCCC1)C2	B			
39584	0.33007658	58	Cc1ccccc1-n1cc2c(=O)[nH]c(N3CCCCCC3)nc2n1	A			
39702	0.32903838	59	CC(C)(O)c1ncc(S(N)(=O)=NC(=O)Nc2c3c(c(C#N)c4c2CCC4)CCC3)s1	A			
39532	0.32901847	60	Cc1ccc(-n2cc3c(=O)[nH]c(N4CCCC4)nc3n2)cc1C	A			
39776	0.32789636	61	CCCS(=O)(=O)N1CCCN(S(=O)(=O)NC(=O)c2coc(Nc3cc(CC)ccc3CC)n2)CC1	A			
39461	0.32777205	62	COc1ccc(-n2cc3c(=O)[nH]c(N4CCCC4)nc3n2)c(Br)c1	A			
39824	0.3267315	63	O=C(Nc1c2c(cc3c1CCC3)CCC2)NS(=O)(=O)c1ccco1	A			
39421	0.32593575	64	CN(C)C(=O)c1csc(/C=C/S(=O)(=O)NC(=O)Nc2c3c(cc4c2CCC4)CCC3)n1	A			
39735	0.32567924	65	CC(C)c1cn(C(C)C)nc1Nc1nc(C(=O)NS(=O)(=O)N(C)C(C)C)co1	A			
39539	0.3246097	66	Cc1ccc(C(F)(F)F)cc1Nc1nc(C(=O)NS(=O)(=O)N(C)C(C)C)co1	A			
20181	0.32414684	67	CCCNS(=O)(=O)c1ccc2c(c1)CC(N(Cc1cc(Cl)ccc1OCCOC)C(=O)Cc1ccsc1)C2	B			
39491	0.32310566	68	Cc1cc(Br)cnc1-n1cc2c(=O)[nH]c(N3CCCC3)nc2n1	A			
39727	0.3230822	69	CC(C)c1cc(F)cc(C(C)C)c1CC(=O)NS(=O)(=O)c1cnn(C2CC2)n1	A			
39592	0.32245654	70	Cc1csc(/C=C/S(=O)(=O)NC(=O)Nc2c3c(cc4c2CCC4)CCC3)n1	A			
39692	0.32215217	71	CC(C)(O)c1coc(/C=C/S(=O)(=O)NC(=O)Nc2c3c(cc4c2CCC4)CCC3)c1	A			
20192	0.3196072	72	CCCNS(=O)(=O)c1ccc2c(c1)CC(N(Cc1cc(Cl)ccc1OCCOC)C(=O)c1ccccc1O)C2	B			
39820	0.31958362	73	O=C(Nc1c2c(cc3c1CCC3)CCC2)NS(=O)(=O)/C=C/c1nc(CO)cs1	A			
39825	0.3195275	74	O=C(Nc1c2c(cc3c1CCC3)CCC2)NS(=O)(=O)c1cnn2cccnc12	A			
39549	0.31872237	75	Cc1ccc(C(F)(F)F)cc1Nc1nc(C(=O)NS(=O)(=O)N2CCC(C(F)(F)F)CC2)co1	A			
19908	0.31864148	76	C#CCNS(=O)(=O)c1ccc(CCN(Cc2cc(Cl)ccc2OCCC)C(=O)Cc2ccccc2)cc1	B			
39590	0.31848267	77	Cc1cnc(/C=C/S(=O)(=O)NC(=O)Nc2c3c(cc4c2CCC4)CCC3)s1	A			
39596	0.31843156	78	Cc1nn(C(C)C)c(C)c1-n1cc2c(=O)[nH]c(N3CCCC3)nc2n1	A			
39451	0.31831416	79	COCc1cc(Cl)ccc1-n1cc2c(=O)[nH]c(N3CCCC3)nc2n1	A			
39839	0.31822976	80	O=c1[nH]c(N2CCOCC2)nc2nn(-c3c(F)cc(C(F)(F)F)cc3Cl)cc12	A			
19906	0.3175134	81	C#CCNS(=O)(=O)c1ccc(CCN(Cc2cc(Cl)ccc2OCCC)C(=O)Cc2ccc(F)cc2)cc1	B			
39858	0.31724814	82	O=c1cc(Cc2cccnc2)[nH]c2nc(Nc3c4c(cc5c3CCC5)CCC4)nn12	A			
39504	0.31717208	83	Cc1cc(C)c(-n2cc3c(=O)[nH]c(N4CCOCC4)nc3n2)c(Cl)c1	A			
39762	0.31713298	84	CC(C)n1cc(S(=O)(=O)NC(=O)Nc2c3c(cc4c2CCC4)CCC3)cn1	A			
39583	0.31656525	85	Cc1ccccc1-n1cc2c(=O)[nH]c(N3CCC3)nc2n1	A			
20188	0.31653768	86	CCCNS(=O)(=O)c1ccc2c(c1)CC(N(Cc1cc(Cl)ccc1OCCOC)C(=O)c1ccc3c(c1)OCO3)C2	B			
39429	0.31636977	87	CNc1nc2nn(-c3c(C)cc(Br)cc3C)cc2c(=O)[nH]1	A			
39680	0.31557262	88	C=C(C)c1ccc(-n2cc3c(=O)[nH]c(N4CCCC4)nc3n2)c(C)c1	A			
19922	0.31540418	89	C#CCNS(=O)(=O)c1ccc(CCN(Cc2cc(Cl)ccc2[N+](=O)[O-])C(=O)Cc2ccsc2)cc1	B			
19897	0.31535015	90	C#CCNS(=O)(=O)c1ccc(CCN(Cc2cc(Cl)ccc2C(F)(F)F)C(=O)Cc2ccsc2)cc1	B			
19916	0.31521085	91	C#CCNS(=O)(=O)c1ccc(CCN(Cc2cc(Cl)ccc2OCCC)C(=O)c2csc3c2CCCC3)cc1	B			
39552	0.31513613	92	Cc1ccc(C(F)(F)F)cc1Nc1nc(C(=O)NS(=O)(=O)N2CCC(F)(F)CC2)co1	A			
39514	0.31494662	93	Cc1cc(C2CC2)cc(F)c1-n1cc2c(=O)[nH]c(N3C[C@@H]4C[C@H]3CO4)nc2n1	A			
39707	0.31478631	94	CC(C)OC(=O)[C@@H](Cc1cnccn1)OC(=O)Nc1c2c(cc3c1CCC3)CCC2	A			
39837	0.3147599	95	O=c1[nH]c(N2CCOCC2)nc2nn(-c3c(Cl)cc(C(F)(F)F)cc3OCC3CC3)cc12	A			
190900	0.3146785	96	N#CN=S(=O)(NC(=O)Nc1c2c(cc3c1CCC3)CCC2)c1ccc(C2(O)COC2)cc1	B			
190904	0.3146272	97	N#CN=S(=O)(NC(=O)Nc1c2c(cc3c1CCC3)CCC2)c1ccc2c(c1)OCCO2	B			
190890	0.31446698	98	CC(C)(O)c1coc(S(=O)(=NC#N)NC(=O)Nc2c3c(cc4c2CCC4)CCC3)c1	B			
39845	0.31441596	99	O=c1[nH]c(N2CCOCC2)nc2nn(-c3ccc(C4CC4)cc3CC3CC3)cc12	A			
19903	0.31432208	100	C#CCNS(=O)(=O)c1ccc(CCN(Cc2cc(Cl)ccc2OCCC)C(=O)CCCc2ccsc2)cc1	B			
39782	0.3135358	101	CCOC(=O)C(Cc1cnccn1)OC(=O)Nc1c2c(cc3c1CCC3)CCC2	A			
39553	0.31327704	102	Cc1ccc(C(F)(F)F)cc1Nc1nc(C(=O)NS(=O)(=O)N2CCC(S(C)(=O)=O)CC2)co1	A			
39819	0.31295666	103	O=C(Nc1c2c(cc3c1CCC3)CCC2)NS(=O)(=O)/C=C/c1cscn1	A			
39597	0.31260285	104	Cc1nn(C2CCC2)c(C)c1-n1cc2c(=O)[nH]c(N3CCCC3)nc2n1	A			
39831	0.31196	105	O=c1[nH]c(N2CCCC2)nc2nn(-c3ccc(C(F)(F)F)cc3)cc12	A			
19928	0.31179368	106	C#CCS(=O)(=O)c1ccc(CCN(Cc2cc(Cl)ccc2OCCC)C(=O)Cc2ccsc2)cc1	B			
190898	0.31177443	107	N#CN=S(=O)(Cc1ccccc1)NC(=O)Nc1c2c(cc3c1CCC3)CCC2	B			
39746	0.31143466	108	CC(C)c1nn(Cc2nnc(-c3cc(C(F)(F)F)cnc3Cl)o2)c(=O)c2cc3sc(Cl)cc3n12	A			
39840	0.31120265	109	O=c1[nH]c(N2CCOCC2)nc2nn(-c3c(F)cc(C4CC4)cc3C(F)(F)F)cc12	A			
39838	0.3105053	110	O=c1[nH]c(N2CCOCC2)nc2nn(-c3c(F)cc(Br)cc3C(F)(F)F)cc12	A			
118854	0.30946267	111	Cc1cccc(-n2ncc3c(=O)[nH]c(CC4CCCC4)nc32)c1C	B			
39851	0.30932677	112	O=c1[nH]c(N2C[C@H]3C[C@@H]2CO3)nc2nn(-c3ccc(C4CC4)cc3C(F)(F)F)cc12	A			
39724	0.30876064	113	CC(C)c1cc(C#N)cc(C(C)C)c1NC(=O)N=S(N)(=O)c1sc(C(C)(C)O)nc1CO	A			
39531	0.30861455	114	Cc1ccc(-n2cc3c(=O)[nH]c(N4CCCC4)nc3n2)cc1	A			
39775	0.30815685	115	CCCS(=O)(=O)N1CCCN(S(=O)(=O)NC(=O)c2coc(Nc3cc(CC)ccc3C)n2)CC1	A			
19907	0.3075551	116	C#CCNS(=O)(=O)c1ccc(CCN(Cc2cc(Cl)ccc2OCCC)C(=O)Cc2ccc(OC)cc2)cc1	B			
39817	0.30656895	117	O=C(Nc1c2c(cc3c1CCC3)CCC2)NS(=O)(=O)/C=C/c1ccsc1	A			
39790	0.30553815	118	CCOC(=O)c1c2c(nn1C)CN(S(=O)(=O)NC(=O)c1coc(Nc3c4c(c(F)c5c3CCC5)CCC4)n1)C2	A			
190883	0.3051194	119	C=C(C)c1coc(S(=O)(=NC#N)NC(=O)Nc2c3c(cc4c2CCC4)CCC3)c1	B			
19900	0.30480188	120	C#CCNS(=O)(=O)c1ccc(CCN(Cc2cc(Cl)ccc2OC)C(=O)CCCCC)cc1	B			
39507	0.30473152	121	Cc1cc(C2=CCCCC2)ccc1-n1cc2c(=O)[nH]c(N3CCCC3)nc2n1	A			
39534	0.30469084	122	Cc1ccc(C(C)C)cc1Nc1nc(C(=O)NS(=O)(=O)N(C)C)co1	A			
39860	0.30422136	123	S=c1cc(Cc2ccccn2)[nH]c2nc(Nc3c4c(cc5c3CCC5)CCC4)nn12	A			
39453	0.30398604	124	CONc1nc2nn(-c3c(C)cc(C4CC4)cc3C)cc2c(=O)[nH]1	A			
39748	0.30374894	125	CC(C)c1nn(Cc2nnc(-c3ccc(C(F)(F)F)nc3)o2)c(=O)c2cc3sc(Cl)cc3n12	A			
39859	0.30357388	126	O=c1cc(Cc2ccncc2)[nH]c2nc(Nc3c4c(cc5c3CCC5)CCC4)nn12	A			
39486	0.303551	127	Cc1cc(Br)ccc1-n1cc2c(=O)[nH]c(N3CCNC(=O)C3)nc2n1	A			
39469	0.30320802	128	CS(C)(=O)=Nc1ccc(S(=O)(=O)NC(=O)Nc2c3c(cc4c2CCC4)CCC3)s1	A			
39815	0.30315462	129	O=C(Nc1c2c(cc3c1CCC3)CCC2)NS(=O)(=O)/C=C/c1ccccn1	A			
39795	0.3029717	130	CCOCC1CCN(S(=O)(=O)NC(=O)c2coc(Nc3nn(C(C)C)cc3C(C)C)n2)CCO1	A			
39807	0.30248252	131	CCc1ccc(C(F)(F)F)cc1Nc1nc(C(=O)NS(=O)(=O)N(C)C)co1	A			
39431	0.30226907	132	CNc1nc2nn(-c3ccc(C)cc3C)cc2c(=O)[nH]1	A			
20252	0.30206507	133	O=C(Nc1c2c(cc3c1CCC3)CCC2)NS(=O)(=O)c1ccc(CN2CCOCC2)cc1	B			
19913	0.30146554	134	C#CCNS(=O)(=O)c1ccc(CCN(Cc2cc(Cl)ccc2OCCC)C(=O)c2ccsc2)cc1	B			
39565	0.30077976	135	Cc1ccc(C(F)F)cc1Nc1nc(C(=O)NS(=O)(=O)N2CCCOCC2)co1	A			
190910	0.3005967	136	N#CN=S(=O)(NC(=O)Nc1c2c(cc3c1CCC3)CCC2)c1cccs1	B			
19924	0.30041012	137	C#CCNS(=O)(=O)c1ccc(CCN(Cc2cccc3c2OCO3)C(=O)Cc2ccsc2)cc1	B			
39749	0.30027038	138	CC(C)c1nn(Cc2nnc(-c3ccc(C(F)(F)F)nc3Cl)o2)c(=O)c2cc3sc(Cl)cc3n12	A			
19901	0.2996475	139	C#CCNS(=O)(=O)c1ccc(CCN(Cc2cc(Cl)ccc2OC)C(=O)Cc2ccccc2)cc1	B			
39516	0.2990802	140	Cc1cc(C2CC2)ncc1-n1cc2c(=O)[nH]c(N3CCOCC3)nc2n1	A			
20179	0.29899117	141	CCCNS(=O)(=O)c1ccc2c(c1)CC(N(Cc1cc(Cl)ccc1OCCOC)C(=O)CC1CCOCC1)C2	B			
20141	0.2987789	142	CC(C)c1cccc(C(C)C)c1CC(=O)NS(=O)(=O)c1ccc(CN(C)C)cc1	B			
190887	0.29866353	143	CC(C)(O)c1ccc(S(=O)(=NC#N)NC(=O)Nc2c3c(cc4c2CCC4)CCC3)s1	B			
39722	0.29828355	144	CC(C)c1cc(C#N)cc(C(C)C)c1NC(=O)N=S(N)(=O)c1ncc(C(C)(C)O)s1	A			
39540	0.29808846	145	Cc1ccc(C(F)(F)F)cc1Nc1nc(C(=O)NS(=O)(=O)N(C)C2CC2)co1	A			
39857	0.2976796	146	O=c1cc(Cc2cccc(Cl)c2)[nH]c2nc(Nc3c4c(cc5c3CCC5)CCC4)nn12	A			
39478	0.2976555	147	Cc1cc(Br)cc(C(F)(F)F)c1-n1cc2c(=O)[nH]c(N3CCOCC3)nc2n1	A			
20219	0.29733405	148	COc1c(C)cc(/C=C/C(=O)c2ccc(NC(=O)NC(C)C)cc2)cc1C	B			
39541	0.29622447	149	Cc1ccc(C(F)(F)F)cc1Nc1nc(C(=O)NS(=O)(=O)N(C)CC#N)co1	A			
20199	0.29598498	150	CCCNS(=O)(=O)c1ccc2c(c1)CC(NC(=O)c1cc(Cl)ccc1OC)C2	B			
190908	0.2950612	151	N#CN=S(=O)(NC(=O)Nc1c2c(cc3c1CCC3)CCC2)c1ccccn1	B			
20184	0.29436657	152	CCCNS(=O)(=O)c1ccc2c(c1)CC(N(Cc1cc(Cl)ccc1OCCOC)C(=O)c1cc3ccccc3o1)C2	B			
20175	0.2928416	153	CCCNS(=O)(=O)c1ccc2c(c1)CC(N(Cc1cc(Cl)ccc1OCCOC)C(=O)C(F)(F)F)C2	B			
39850	0.29254204	154	O=c1[nH]c(N2C[C@@H]3C[C@H]2CO3)nc2nn(-c3ccc(C4CC4)cc3C(F)(F)F)cc12	A			
39846	0.29242355	155	O=c1[nH]c(N2CCOCC2)nc2nn(-c3ccc(Cl)cc3C(F)(F)F)cc12	A			
39599	0.29233187	156	Cc1nn(C2CCCC2)c(C)c1-n1cc2c(=O)[nH]c(N3CCCC3)nc2n1	A			
20204	0.29217285	157	CCCNS(=O)(=O)c1ccc2c(c1)C[C@H](N(Cc1cc(Cl)ccc1OCCOC)C(=O)c1cc3ccccc3o1)C2	B			
39745	0.2921563	158	CC(C)c1nn(CC(=O)Nc2ncncc2F)c(=O)c2ccc(C(F)(F)F)cc12	A			
39742	0.29129782	159	CC(C)c1nn(CC(=O)N[C@H]2C[C@@](C)(O)C2)c(=O)c2cc3ccsc3n12	A			
190901	0.29111946	160	N#CN=S(=O)(NC(=O)Nc1c2c(cc3c1CCC3)CCC2)c1ccc(Cl)cc1	B			
39725	0.29021117	161	CC(C)c1cc(C#N)cc(C(C)C)c1NC(=O)NS(=N)(=O)c1sc(C(C)(C)O)nc1CO	A			
39705	0.28997818	162	CC(C)(O)c1ncc(S(N)(=O)=NC(=O)Nc2c3c(cc4c2C(O)CC4)CCC3)s1	A			
19893	0.2890569	163	C#CCN(C)S(=O)(=O)c1ccc(CCN(Cc2cc(Cl)ccc2OCCC)C(=O)Cc2ccsc2)cc1	B			
39536	0.28881297	164	Cc1ccc(C(C)C)cc1Nc1nc(C(=O)NS(=O)(=O)N2CCOC(COC(F)F)CC2)co1	A			
20209	0.28794962	165	CCOC(=O)CSc1ccc(C(=O)/C=C/c2cc(C)c(O)c(C)c2)cc1	B			
39585	0.2873542	166	Cc1ccccc1-n1cc2c(=O)[nH]c(NCC(C)C)nc2n1	A			
190907	0.2871935	167	N#CN=S(=O)(NC(=O)Nc1c2c(cc3c1CCC3)CCC2)c1ccccc1	B			
20239	0.28663033	168	CSc1ccc(C(=O)/C=C/c2ccc(O)c(C)c2)cc1	B			
39604	0.2863032	169	Cn1ccc(Cc2cc(=O)n3nc(Nc4c5c(cc6c4CCC6)CCC5)nc3[nH]2)n1	A			
39821	0.28620437	170	O=C(Nc1c2c(cc3c1CCC3)CCC2)NS(=O)(=O)/C=C/c1nccs1	A			
19911	0.28591514	171	C#CCNS(=O)(=O)c1ccc(CCN(Cc2cc(Cl)ccc2OCCC)C(=O)c2ccc([N+](=O)[O-])cc2)cc1	B			
20249	0.2855769	172	Cc1cc(/C=C/C(=O)c2ccc([S+](C)[O-])cc2)cc(C)c1O	B			
39561	0.2852028	173	Cc1ccc(C(F)(F)F)cc1Nc1nc(C(=O)NS(=O)(=O)N2C[C@H]3COC[C@@H]3C2)co1	A			
20203	0.28507388	174	CCCNS(=O)(=O)c1ccc2c(c1)C[C@@H](N(Cc1cc(Cl)ccc1OCCOC)C(=O)c1cc3ccccc3o1)C2	B			
39765	0.28438702	175	CCC(C)n1nc(C)c(-n2cc3c(=O)[nH]c(N4CCCC4)nc3n2)c1C	A			
20182	0.2842723	176	CCCNS(=O)(=O)c1ccc2c(c1)CC(N(Cc1cc(Cl)ccc1OCCOC)C(=O)c1cc3cc(F)ccc3o1)C2	B			
39755	0.2840096	177	CC(C)c1nn(Cc2nnc(-c3cncc(C(F)(F)F)c3)o2)c(=O)c2cc3sc(Cl)cc3n12	A			
190909	0.28393131	178	N#CN=S(=O)(NC(=O)Nc1c2c(cc3c1CCC3)CCC2)c1cccnc1	B			
39822	0.28381157	179	O=C(Nc1c2c(cc3c1CCC3)CCC2)NS(=O)(=O)c1ccc(NC2CC(F)(F)C2)c2nonc12	A			
39589	0.283616	180	Cc1cn(CC(F)(F)F)nc1Nc1nc(C(=O)NS(=O)(=O)N2CCCOCC2)co1	A			
19921	0.28289372	181	C#CCNS(=O)(=O)c1ccc(CCN(Cc2cc(Cl)ccc2OCCC)C(=O)c2nc[nH]n2)cc1	B			
39709	0.282783	182	CC(C)Oc1cc(Br)ccc1-n1cc2c(=O)[nH]c(N3CCOCC3)nc2n1	A			
190889	0.2824939	183	CC(C)(O)c1cncc(S(=O)(=NC#N)NC(=O)Nc2c3c(cc4c2CCC4)CCC3)c1	B			
39452	0.2823931	184	CONc1nc2nn(-c3c(C)cc(Br)cc3C)cc2c(=O)[nH]1	A			
39704	0.2820577	185	CC(C)(O)c1ncc(S(N)(=O)=NC(=O)Nc2c3c(cc4c2C(=O)CC4)CCC3)s1	A			
19912	0.28183502	186	C#CCNS(=O)(=O)c1ccc(CCN(Cc2cc(Cl)ccc2OCCC)C(=O)c2ccoc2)cc1	B			
20193	0.28127176	187	CCCNS(=O)(=O)c1ccc2c(c1)CC(N(Cc1cc(Cl)ccc1OCCOC)C(=O)c1ccccc1OC(C)=O)C2	B			
190888	0.28037235	188	CC(C)(O)c1cccc(S(=O)(=NC#N)NC(=O)Nc2c3c(cc4c2CCC4)CCC3)c1	B			
39753	0.2796918	189	CC(C)c1nn(Cc2nnc(-c3cccnc3Cl)o2)c(=O)c2cc3sc(Cl)cc3n12	A			
19895	0.2791972	190	C#CCNS(=O)(=O)c1ccc(CCN(CCC)Cc2cc(Cl)ccc2OC)cc1	B			
19905	0.27905077	191	C#CCNS(=O)(=O)c1ccc(CCN(Cc2cc(Cl)ccc2OCCC)C(=O)Cc2c[nH]c3ccccc23)cc1	B			
190906	0.27889708	192	N#CN=S(=O)(NC(=O)Nc1c2c(cc3c1CCC3)CCC2)c1cccc(F)c1	B			
39829	0.27872527	193	O=c1[nH]c(N2CC(F)C2)nc2nn(-c3ccc(C(F)(F)F)cc3Cl)cc12	A			
39816	0.2781872	194	O=C(Nc1c2c(cc3c1CCC3)CCC2)NS(=O)(=O)/C=C/c1ccncc1	A			
19923	0.27711308	195	C#CCNS(=O)(=O)c1ccc(CCN(Cc2cccc3c2OCO3)C(=O)Cc2ccc(F)cc2)cc1	B			
39434	0.27704564	196	COC(=O)C(Cc1ccccc1O)NC(=O)Nc1c2c(cc3c1CCC3)CCC2	A			
39701	0.27694654	197	CC(C)(O)c1nc(CO)c(S(N)(=O)=NC(=O)Nc2c3c(c(C#N)c4c2CCC4)CCC3)s1	A			
39605	0.2767389	198	Cn1cnc(Cc2cc(=O)n3nc(Nc4c5c(cc6c4CCC6)CCC5)nc3[nH]2)c1	A			
39842	0.2764756	199	O=c1[nH]c(N2CCOCC2)nc2nn(-c3ccc(Br)cc3OC3CCC3)cc12	A			
166649	0.27640766	200	C/C=C(\C)C(=O)O[C@@H]1C[C@H]2C(=C1C)[C@@H]1OC(=O)[C@@](C)(O)[C@@]1(O)[C@@H](OC(=O)[C@H](C)CC)C[C@@]2(C)OC(C)=O	B			
190903	0.27617598	201	N#CN=S(=O)(NC(=O)Nc1c2c(cc3c1CCC3)CCC2)c1ccc(F)cc1F	B			
19920	0.2760802	202	C#CCNS(=O)(=O)c1ccc(CCN(Cc2cc(Cl)ccc2OCCC)C(=O)c2cscn2)cc1	B			
39436	0.2758811	203	COC(=O)[C@@H](Cc1ccccn1)NC(=O)Nc1c2c(cc3c1CCC3)CCC2	A			
39789	0.27578548	204	CCOC(=O)[C@@H](Cc1cnccn1)NC(=O)Nc1c2c(cc3c1CCC3)CCC2	A			
20226	0.27517748	205	COc1ccc(C(=O)/C=C/c2cc(C)c(O)c(C)c2)cc1	B			
39569	0.27474385	206	Cc1ccc(C2(C#N)CC2)cc1Nc1nc(C(=O)NS(=O)(=O)N2CCCOCC2)co1	A			
20210	0.27458557	207	CCc1cc(/C=C/C(=O)c2ccc(SC)cc2)cc(CC)c1O	B			
11209	0.27426678	208	CCOc1ccc(C(F)(F)F)cc1CSc1ccsc1C(=O)NS(=O)(=O)c1ccccc1	B			
39576	0.2740421	209	Cc1cccc(C)c1-n1cc2c(=O)[nH]c(N3CC(OCC(F)(F)F)C3)nc2n1	A			
39533	0.27347833	210	Cc1ccc(C(C)(F)F)cc1Nc1nc(C(=O)NS(=O)(=O)N2CCOCC2)co1	A			
39448	0.27345884	211	COCCN(CCOC)S(=O)(=O)NC(=O)c1coc(Nc2cc(C(F)(F)F)ccc2C)n1	A			
190902	0.27338898	212	N#CN=S(=O)(NC(=O)Nc1c2c(cc3c1CCC3)CCC2)c1ccc(F)cc1	B			
20183	0.2733696	213	CCCNS(=O)(=O)c1ccc2c(c1)CC(N(Cc1cc(Cl)ccc1OCCOC)C(=O)c1cc3cc(O)ccc3o1)C2	B			
39756	0.2731195	214	CC(C)c1nn(Cc2nnc(-c3cnccc3C(F)(F)F)o2)c(=O)c2cc3sc(Cl)cc3n12	A			
190885	0.27299106	215	CC(C)(O)c1ccc(F)c(S(=O)(=NC#N)NC(=O)Nc2c3c(cc4c2CCC4)CCC3)c1	B			
190905	0.27276412	216	N#CN=S(=O)(NC(=O)Nc1c2c(cc3c1CCC3)CCC2)c1cccc(C#N)c1	B			
20238	0.2725774	217	CSc1ccc(C(=O)/C=C/c2cc(C)c(O)c(C)c2)cc1	B			
20146	0.27246577	218	CCC(=O)NS(=O)(=O)c1ccc2c(c1)CC(N(Cc1cc(Cl)ccc1OCCOC)C(=O)c1cc3ccccc3o1)C2	B			
87334	0.27205092	219	COCCc1sc(S(=O)(=O)NC(=O)Nc2cc(C(F)(F)F)cc(N)n2)cc1C	B			
190893	0.2719787	220	COc1cccc(S(=O)(=NC#N)NC(=O)Nc2c3c(cc4c2CCC4)CCC3)c1	B			
39715	0.2715883	221	CC(C)c1cc(C#N)c(F)c(C(C)C)c1NC(=O)N=S(N)(=O)c1sc(C(C)(C)O)nc1CO	A			
190899	0.27139094	222	N#CN=S(=O)(NC(=O)Nc1c2c(cc3c1CCC3)CCC2)c1ccc(C#N)cc1	B			
39798	0.27112135	223	CCOC[C@H]1OCCN(S(=O)(=O)NC(=O)c2coc(Nc3cc(C)c(F)cc3C)n2)C[C@@H]1OC	A			
39804	0.2710492	224	CCc1cc(=O)n2nc(Nc3c4c(cc5c3CCC5)CCC4)nc2[nH]1	A			
39797	0.2705226	225	CCOC[C@@H]1OCCN(S(=O)(=O)NC(=O)c2coc(Nc3cc(C)c(F)cc3C)n2)C[C@H]1OC	A			
39606	0.27039522	226	Cn1cncc1Cc1cc(=O)n2nc(Nc3c4c(cc5c3CCC5)CCC4)nc2[nH]1	A			
39440	0.27035904	227	COC1CN(S(=O)(=O)NC(=O)c2coc(Nc3cc(C(F)(F)F)ccc3C)n2)C1	A			
39545	0.2701478	228	Cc1ccc(C(F)(F)F)cc1Nc1nc(C(=O)NS(=O)(=O)N(C)Cc2cccnc2)co1	A			
39551	0.27013445	229	Cc1ccc(C(F)(F)F)cc1Nc1nc(C(=O)NS(=O)(=O)N2CCC(F)(F)C2)co1	A			
356895	0.26990145	230	Cc1ccc(C(=O)Nc2sc3c(c2C(N)=O)CCCC3)cc1C	B			
20216	0.26958567	231	COC(=O)c1cccc(C(=O)NC2(C(=O)Nc3c4c(cc5c3CCC5)CCC4)CC2)c1	B			
39544	0.2693623	232	Cc1ccc(C(F)(F)F)cc1Nc1nc(C(=O)NS(=O)(=O)N(C)CCc2ccccn2)co1	A			
190894	0.26905766	233	Cc1ccc(F)c(S(=O)(=NC#N)NC(=O)Nc2c3c(cc4c2CCC4)CCC3)c1	B			
20168	0.2689423	234	CCCNS(=O)(=O)c1ccc2c(c1)CC(N(Cc1cc(Cl)ccc1OCCN(C)C)C(=O)c1cc3ccccc3o1)C2	B			
39754	0.26801887	235	CC(C)c1nn(Cc2nnc(-c3ccncc3Cl)o2)c(=O)c2cc3sc(Cl)cc3n12	A			
60464	0.2675813	236	COc1cccc(C(=O)OCC(=O)Nc2sc3c(c2C(N)=O)CCC3)c1O	B			
39564	0.26732147	237	Cc1ccc(C(F)F)cc1Nc1nc(C(=O)NS(=O)(=O)N(C)C)co1	A			
39470	0.26729062	238	C[C@@H]1COCCN1c1nc2nn(-c3ccc(C4CC4)cc3C(F)(F)F)cc2c(=O)[nH]1	A			
476240	0.26718846	239	CN(CCC1CCOCC1)c1nc2c(c(NC(C)(C)C)n1)[S+]([O-])CC2	B			
39712	0.26694033	240	CC(C)c1cc(C#N)c(F)c(C(C)C)c1CC(=O)NS(=O)(=O)c1sc(C(C)(C)O)nc1CCO	A			
20245	0.26689786	241	Cc1cc(/C=C/C(=O)c2ccc(F)cc2)cc(C)c1O	B			
39581	0.26641464	242	Cc1ccccc1-n1cc2c(=O)[nH]c(N3CCC(c4ccccc4)C3)nc2n1	A			
19902	0.26577726	243	C#CCNS(=O)(=O)c1ccc(CCN(Cc2cc(Cl)ccc2OCC#C)C(=O)Cc2ccsc2)cc1	B			
20247	0.26572606	244	Cc1cc(/C=C/C(=O)c2ccc(I)cc2)cc(C)c1O	B			
39591	0.2657213	245	Cc1cnc(C(F)(F)F)cc1Nc1nc(C(=O)NS(=O)(=O)N2CCCOCC2)co1	A			
20195	0.26571077	246	CCCNS(=O)(=O)c1ccc2c(c1)CC(N(Cc1cc(Cl)ccc1OCCOC)C(=O)c1csc(-c3cccnc3)n1)C2	B			
39758	0.26462817	247	CC(C)c1nn(Cc2nnc(-c3ncccc3Cl)o2)c(=O)c2cc3sc(Cl)cc3n12	A			
20248	0.26449543	248	Cc1cc(/C=C/C(=O)c2ccc(S(C)(=O)=O)cc2)cc(C)c1O	B			
19930	0.26441425	249	C/C1=C\CC[C@]2(C)O[C@@H]2[C@H]2OC(=O)[C@@H](CN(C)CCCOc3no[n+]([O-])c3S(=O)(=O)c3ccccc3)[C@@H]2CC1	A			
39720	0.26402187	250	CC(C)c1cc(C#N)cc(C(C)C)c1NC(=O)N=S(N)(=O)c1ccc(C(C)(C)O)s1	A			
20154	0.2635726	251	CCCCc1oc2ccc(NS(=O)(=O)N(C)C)cc2c1C(=O)c1ccc(OCCCN(CCCC)CCCC)cc1	B			
39723	0.26333135	252	CC(C)c1cc(C#N)cc(C(C)C)c1NC(=O)N=S(N)(=O)c1sc(C(C)(C)O)cc1F	A			
19909	0.26326016	253	C#CCNS(=O)(=O)c1ccc(CCN(Cc2cc(Cl)ccc2OCCC)C(=O)Cc2csc3ccccc23)cc1	B			
39474	0.26323962	254	Cc1c(Nc2nc(C(=O)NS(=O)(=O)N(C)C)co2)cc(C(F)(F)F)cc1C(F)(F)F	A			
39506	0.26304823	255	Cc1cc(C)n(C2CCCN(S(=O)(=O)NC(=O)c3coc(Nc4cc(C(F)(F)F)ccc4C)n3)CC2)n1	A			
20150	0.26292855	256	CCCCNS(=O)(=O)c1ccc(CCNC(=O)c2cc(Cl)ccc2OC)cc1	B			
39477	0.26285666	257	Cc1c2c(c(NC(=O)NS(=O)(=O)/C=C/c3nccs3)c3c1CCC3)CCC2	A			
39757	0.26231247	258	CC(C)c1nn(Cc2nnc(-c3cnccc3Cl)o2)c(=O)c2cc3sc(Cl)cc3n12	A			
39432	0.2622848	259	CNc1nc2nn(-c3ccccc3C)cc2c(=O)[nH]1	A			
87326	0.26201013	260	CC(=O)OCCc1sc(S(=O)(=O)NC(=O)Nc2cc(C(F)(F)F)cc(C)n2)cc1C	B			
20187	0.2619955	261	CCCNS(=O)(=O)c1ccc2c(c1)CC(N(Cc1cc(Cl)ccc1OCCOC)C(=O)c1ccc(N3CCNCC3)cc1)C2	B			
190886	0.26154855	262	CC(C)(O)c1ccc(S(=O)(=NC#N)NC(=O)Nc2c3c(cc4c2CCC4)CCC3)cc1	B			
19917	0.26119325	263	C#CCNS(=O)(=O)c1ccc(CCN(Cc2cc(Cl)ccc2OCCC)C(=O)c2csc3ccccc23)cc1	B			
476244	0.2611931	264	CN(CCC1CCOCC1)c1nc2c(c(NC3CCOCC3)n1)[S@+]([O-])CC2	B			
39548	0.26053306	265	Cc1ccc(C(F)(F)F)cc1Nc1nc(C(=O)NS(=O)(=O)N2CCC(C#N)C2)co1	A			
271821	0.2604614	266	C/C1=C\CC[C@@]2(C)O[C@@H]2C(=O)[C@@H]2CC[C@@H](C)[C@](C)(CC1)[C@H]2C=O	B			
20155	0.260421	267	CCCCc1oc2ccc(NS(=O)(=O)NC(C)C)cc2c1C(=O)c1ccc(OCCCN(CCCC)CCCC)cc1	B			
19931	0.260146	268	C/C1=C\CC[C@]2(C)O[C@@H]2[C@H]2OC(=O)[C@@H](CN(C)CCOc3no[n+]([O-])c3S(=O)(=O)c3ccccc3)[C@@H]2CC1	A			
39560	0.25962865	269	Cc1ccc(C(F)(F)F)cc1Nc1nc(C(=O)NS(=O)(=O)N2CCOCC2)co1	A			
17668	0.2593172	270	CC(C)c1cccc(C(C)C)c1NC(=O)NS(=O)(=O)N(CC1CCCO1)CC1CCCO1	B			
19927	0.25911474	271	C#CCNS(=O)(=O)c1ccc(CCN(Cc2ccsc2)Cc2cc(Cl)ccc2OCCC)cc1	B			
190895	0.25907493	272	Cc1ccc(S(=O)(=NC#N)NC(=O)Nc2c3c(cc4c2CCC4)CCC3)cc1	B			
476241	0.2590723	273	CN(CCC1CCOCC1)c1nc2c(c(NC3(C)CCC3)n1)[S@+]([O-])CC2	B			
190891	0.2589655	274	COc1ccc(S(=O)(=NC#N)NC(=O)Nc2c3c(cc4c2CCC4)CCC3)cc1	B			
20242	0.25895214	275	Cc1cc(/C=C/C(=O)c2ccc(-c3ccccc3)cc2)cc(C)c1O	B			
87332	0.2588631	276	COCCc1sc(S(=O)(=O)NC(=O)Nc2cc(C(F)(F)F)c(F)c(N)n2)cc1C	B			
39744	0.25872377	277	CC(C)c1nn(CC(=O)Nc2ncccn2)c(=O)cc1-c1cc(F)cc(F)c1	A			
190896	0.25829118	278	Cc1ccc(S(=O)(=NC#N)NC(=O)Nc2c3c(cc4c2CCC4)CCC3)cc1F	B			
39444	0.25826794	279	COCC(C)(C)n1cc(C)c(Nc2nc(C(=O)NS(=O)(=O)N3CCCOCC3)co2)n1	A			
39580	0.25821483	280	Cc1ccccc1-n1cc2c(=O)[nH]c(N(C)C)nc2n1	A			
190892	0.25787026	281	COc1ccc(S(=O)(=NC#N)NC(=O)Nc2c3c(cc4c2CCC4)CCC3)cn1	B			
251734	0.25765377	282	COc1c(C)cnc(C[S+]([O-])c2nc3cc(O)ccc3[nH]2)c1C	B			
39731	0.25736436	283	CC(C)c1cc(Nc2nc(C(=O)NS(=O)(=O)N3CCCOCC3)co2)n(C(C)C)n1	A			
39546	0.25728267	284	Cc1ccc(C(F)(F)F)cc1Nc1nc(C(=O)NS(=O)(=O)N(C)Cc2cnccn2)co1	A			
292391	0.25691122	285	Cc1ccc(C(C)(C)C)cc1S(=O)(=O)Nc1nc2ccccc2nc1Cl	B			
20244	0.25689808	286	Cc1cc(/C=C/C(=O)c2ccc(Cl)cc2)cc(C)c1O	B			
39476	0.25685123	287	Cc1c2c(=O)[nH]c(N3CCCC3)nc2nn1-c1ccc(C(F)(F)F)cc1Cl	A			
126122	0.25662607	288	CCOC(=O)c1c(N2C(=O)Nc3cc(Cl)c(Cl)cc3N2O)sc2c1CCCCC2	B			
39834	0.25661618	289	O=c1[nH]c(N2CCCC2)nc2nn(-c3ccccc3)cc12	A			
39771	0.25656366	290	CCCCC1(C#N)CCCN(S(=O)(=O)NC(=O)c2coc(Nc3cc(C(F)(F)F)ccc3C)n2)CC1	A			
20189	0.25649068	291	CCCNS(=O)(=O)c1ccc2c(c1)CC(N(Cc1cc(Cl)ccc1OCCOC)C(=O)c1ccc3ccccc3c1)C2	B			
299321	0.2561925	292	C/C1=C\CC[C@@H]2O[C@H]2C(=O)C2=CC[C@@H](C)[C@@](C)(C[C@@H]1O)[C@@H]2C	B			
107522	0.25530684	293	COC(=O)c1c(NC(=O)C(=O)N2CCCCC2)sc2c1CC(C)(C)OC2	B			
20159	0.25523114	294	CCCCc1oc2ccc(NS(=O)(=O)c3ccccc3)cc2c1C(=O)c1ccc(OCCCN(CCCC)CCCC)cc1	B			
20185	0.25516903	295	CCCNS(=O)(=O)c1ccc2c(c1)CC(N(Cc1cc(Cl)ccc1OCCOC)C(=O)c1cc3ccccc3s1)C2	B			
39710	0.2551349	296	CC(C)c1c(F)c(C#N)cc(C2CC2)c1NC(=O)N=S(N)(=O)c1cnc(C(C)(C)O)s1	A			
122521	0.25491717	297	CCCCc1oc2ccc(NS(C)(=O)=O)cc2c1C(=O)c1ccc(OCCCN(CCCC)CCCC)cc1	B			
39490	0.25475895	298	Cc1cc(Br)ccc1-n1cc2c(OCC3CC3)nc(N3CCOCC3)nc2n1	A			
20207	0.25474638	299	CCCOc1ccc(Cl)cc1CN(CCc1ccc(S(=O)(=O)NCC(C)(C)C)cc1)C(=O)Cc1ccsc1	B			
39832	0.2547058	300	O=c1[nH]c(N2CCCC2)nc2nn(-c3ccc(Cl)cc3F)cc12	A			
39571	0.25463653	301	Cc1ccc(C2CCC2)cc1Nc1nc(C(=O)NS(=O)(=O)N(C)C)co1	A			
20156	0.25455323	302	CCCCc1oc2ccc(NS(=O)(=O)c3ccc(C(F)(F)F)cc3)cc2c1C(=O)c1ccc(OCCCN(CCCC)CCCC)cc1	B			
20211	0.2544603	303	CN(C)Cc1ccc(S(=O)(=O)NC(=O)Nc2c3c(cc4c2CCC4)CCC3)cc1	B			
420887	0.2543674	304	COc1cc2c(cc1NS(=O)(=O)c1cccc(Cl)c1Cl)[nH]c(=O)n2C(CO)CO	B			
125983	0.25424337	305	Cc1ccc(/C=C/C(=O)c2ccccc(=O)c2O)cc1C	B			
20153	0.25372693	306	CCCCc1oc2ccc(NS(=O)(=O)CC)cc2c1C(=O)c1ccc(OCCCN(CCCC)CCCC)cc1	B			
87333	0.2537103	307	COCCc1sc(S(=O)(=O)NC(=O)Nc2cc(C(F)(F)F)cc(C)n2)cc1C	B			
239221	0.25345573	308	Cc1ccc(/C=C/C(=O)c2ccccc2)cc1	B			
248022	0.25345367	309	COc1cc(C=Cc2[nH]nc(C)c2C)ccc1O	B			
471448	0.2526249	310	CCn1c(NC2CCCC2)nc2c(N3CCN(C(=O)OC(C)(C)C)CC3=O)csc2c1=O	B			
522152	0.25247025	311	Cc1ccc2[nH]c(Sc3nc4c(c(=O)[nH]c(=O)n4C)n3Cc3ccco3)nc2c1	B			
231790	0.25217566	312	CC1(C)Cc2c(sc3nc4n(-c5ccccc5)c(=O)c(CCC(=O)O)nn4c(=O)c23)CO1	B			
39602	0.25209892	313	Cn1c(N2CC3CC(C2)O3)nc2nn(-c3ccc(Br)cc3C(F)(F)F)cc2c1=O	A			
39759	0.25207826	314	CC(C)c1nn(Cc2nnc(C3CCC3)o2)c(=O)c2cc3sc(Cl)cc3n12	A			
190897	0.25150603	315	N#CN=S(=O)(Cc1ccc(C#N)cc1)NC(=O)Nc1c2c(cc3c1CCC3)CCC2	B			
39767	0.25145802	316	CCC1CN(S(=O)(=O)NC(=O)c2coc(Nc3cc(C(F)(F)F)ccc3C)n2)CCO1	A			
142002	0.25127792	317	O=C(COC(=O)Cn1cnc2ccccc2c1=O)Nc1cc(Cl)ccc1[N+](=O)[O-]	B			
168425	0.25121152	318	Cc1c(Cc2c(Cl)cccc2Cl)nc(SCC(C)C)[nH]c1=O	B			
476119	0.25119638	319	CC(=O)N1CCC(Nc2nc(N3CC(OC(=O)C4CCOCC4)C3)nc3c2[S+]([O-])CC3)CC1	B			
271822	0.2510307	320	C/C1=C\CC[C@@]2(C)O[C@@H]2C(=O)[C@@H]2CC[C@@H](C)[C@](C)(CC1)[C@H]2CO	B			
39600	0.24983326	321	Cc1oc(S(N)(=O)=NC(=O)Nc2c(C(C)C)cc(C#N)c(F)c2C(C)C)cc1C(C)(C)O	A			
239507	0.2497863	322	O=C(Nc1nccs1)c1c(C(Cl)Cl)nc2c(C(F)(F)F)cccc2c1O	B			
19925	0.24970113	323	C#CCNS(=O)(=O)c1ccc(CCN(Cc2cccc3c2OCO3)C(=O)c2ccc(F)cc2)cc1	B			
20134	0.24965975	324	C=CC(=O)Nc1ccc(C(=O)/C=C/c2cc(C)c(O)c(C)c2)cc1	B			
354386	0.2492857	325	O=c1cc(C[S+]([O-])C2CCCCC2)occ1O	B			
20158	0.24903454	326	CCCCc1oc2ccc(NS(=O)(=O)c3ccc(F)cc3)cc2c1C(=O)c1ccc(OCCCN(CCCC)CCCC)cc1	B			
165953	0.24897623	327	Cc1cc(OC(=O)c2cccs2)ccc1C(C)C	B			
20197	0.24885133	328	CCCNS(=O)(=O)c1ccc2c(c1)CC(N(Cc1cc(Cl)ccc1OCCOC)C(=O)c1nc3ccccc3s1)C2	B			
301782	0.24871978	329	COc1ccc(/C=C/C(=O)c2ccccn2)cc1	B			
408459	0.2486589	330	CCc1nn(-c2ccccc2)c2nc(C3CCN(c4cccnc4)CC3)[nH]c(=O)c12	B			
39719	0.24842244	331	CC(C)c1cc(C#N)cc(C(C)C)c1NC(=O)N=S(N)(=O)c1ccc(C(C)(C)O)c(CO)c1	A			
404939	0.24815534	332	Cc1ccc(S(=O)(=O)N(CCCC(C)C)c2cc(Cl)ccc2CO)cc1	B			
20190	0.24775091	333	CCCNS(=O)(=O)c1ccc2c(c1)CC(N(Cc1cc(Cl)ccc1OCCOC)C(=O)c1ccc3ccccc3n1)C2	B			
271828	0.24767786	334	C/C1=C\CC[C@@]2(C)O[C@@H]2[C@H](O)[C@@H]2CC[C@@H](C)[C@](C)(CC1)[C@H]2COc1ccon1	B			
20171	0.24759504	335	CCCNS(=O)(=O)c1ccc2c(c1)CC(N(Cc1cc(Cl)ccc1OCCOC)C(=O)/C=C/c1ccc(O)cc1)C2	B			
26686	0.24754503	336	C=c1[nH]n(-c2ccc(C(=O)O)cc2)c(=O)c1=Cc1ccc(-c2cc(C)c(C)cc2[N+](=O)[O-])o1	B			
209384	0.24752925	337	CC(C)(C)OC(=O)N1CCC(C(=O)NS(=O)(=O)c2c(Cl)sc(Cl)c2Br)CC1	B			
404936	0.24742092	338	Cc1ccc(S(=O)(=O)N(CC(C)C)c2cc(Cl)ccc2CO)cc1	B			
476263	0.24721438	339	COCCC(=O)OC1CN(c2nc3c(c(N(C)C4CCOCC4)n2)[S+]([O-])CC3)C1	B			
300401	0.24688984	340	CCOc1nn2c(N)n[n+](CC(=O)c3cc(OCCCO)c(OC)c(C(C)(C)C)c3)c2cc1CC	B			
39716	0.24663989	341	CC(C)c1cc(C#N)c(F)c(C(C)C)c1NC(=O)NS(=N)(=O)c1sc(C(C)(C)O)nc1CO	A			
190884	0.24636818	342	CC(C)(O)c1cc(S(=O)(=NC#N)NC(=O)Nc2c3c(cc4c2CCC4)CCC3)ccc1F	B			
63960	0.2460736	343	CC(C)c1ccccc1Nc1ncc2c(n1)-c1c(c(C(N)=O)nn1C)CC2	B			
20157	0.24547243	344	CCCCc1oc2ccc(NS(=O)(=O)c3ccc(C)cc3)cc2c1C(=O)c1ccc(OCCCN(CCCC)CCCC)cc1	B			
20148	0.2454619	345	CCC1=C(C)CN(C(=O)NCCc2ccc(S(=O)(=O)NC(=O)Nc3c4c(cc5c3CCC5)CCC4)cc2)C1=O	B			
271826	0.2454355	346	C/C1=C\CC[C@@]2(C)O[C@@H]2C(=O)[C@@H]2CC[C@@H](C)[C@](C)(CC1)[C@H]2COc1ccon1	B			
476243	0.24537191	347	CN(CCC1CCOCC1)c1nc2c(c(NC3CCC3)n1)[S@+]([O-])CC2	B			
20152	0.24524614	348	CCCCc1oc2ccc(NS(=O)(=O)C3CCCCC3)cc2c1C(=O)c1ccc(OCCCN(CCCC)CCCC)cc1	B			
20166	0.24513659	349	CCCNS(=O)(=O)c1ccc(CCNC(=O)c2cc(Cl)ccc2OC)cc1	B			
346894	0.24499902	350	Cc1nccc(Nc2cc3n(CC(C)(C)C)c(=O)c(C(=O)NC4CC4)c(O)n3n2)n1	B			
197964	0.24470809	351	C=C1[C@H](OC(C)=O)[C@H]2[C@@H](OC(=O)c3ccccc3)[C@](C)(O)C[C@]2(O)C(=O)[C@@H](C)/C=C/C(C)(C)C(=O)[C@H](OC(=O)C(C)C)[C@H]1OC(C)=O	B			
19929	0.24458154	352	C#CCS(=O)(=O)c1ccc(CCN(Cc2cc(Cl)ccc2OCCC)C(=O)c2csc3ccccc23)cc1	B			
20161	0.24416442	353	CCCCc1oc2ccc(S(=O)(=O)N(C)C)cc2c1C(=O)c1ccc(OCCCN(CCCC)CCCC)cc1	B			
197963	0.24386787	354	C=C1[C@H](OC(C)=O)[C@H]2[C@@H](OC(=O)c3ccccc3)[C@@H](C)C[C@]2(OC(C)=O)C(=O)[C@@H](C)/C=C/C(C)(C)C(=O)[C@H](OC(C)=O)[C@H]1OC(C)=O	B			
301984	0.24373245	355	COc1ccccc1N(CC(=O)NC1CCCC1)C(=O)c1oc(C(C)(C)C)cc1C	B			
304939	0.24353006	356	Cc1[nH]nc(C(F)(F)F)c1Cc1sc2c(c1C(=O)N1C[C@](C)(O)CO1)c(=O)n(C)c(=O)n2C(C)C	B			
368719	0.24345899	357	Cc1n[nH]c(C)c1CC[S+]([O-])c1ccc(Cl)cc1NS(=O)(=O)c1cc2ccccc2o1	B			
20206	0.24331854	358	CCCOc1ccc(Cl)cc1CN(CCc1ccc(S(=O)(=O)N2CCC2)cc1)C(=O)c1csc2ccccc12	B			
109664	0.24328591	359	Cc1oc(-c2ccccc2Cl)nc1C[S+]([O-])CC(=O)NCc1ccccc1Cl	B			
49418	0.24302435	360	COc1nn([C@H](C)c2ccc(CC(C)C)cc2)c(=O)o1	B			
80519	0.24299279	361	CC(=O)CC(=O)N1CCN(c2nc(C3CC3)c3c(c2C#N)CC(C)(C)OC3)C[C@H]1C(C)C	B			
345862	0.24268068	362	Cc1cc(-n2ccc(N3CCNC3=O)n2)c2c(n1)N(c1ccc(OC(F)(F)F)cc1C)CC2	B			
347090	0.24248847	363	O=c1[nH]c(-n2cc(OC3CCCC3)cn2)nc2c1CCC2	B			
345644	0.24212916	364	CCCC(CCC)n1cc2c3c(nc(C)nc31)N(c1ccc(C(F)(F)F)cc1C(F)(F)F)CC2	B			
39437	0.24211785	365	COC(=O)[C@@H](Cc1cccnc1)NC(=O)Nc1c2c(cc3c1CCC3)CCC2	A			
299332	0.24210522	366	C/C1=C\CC[C@]2(C)O[C@H]2[C@@]2(O)OCC3=C2[C@H](O)C[C@@H](C)[C@@]3(C)CC1	B			
420889	0.24208194	367	COc1cc2c(cc1NS(=O)(=O)c1cccc(Cl)c1Cl)[nH]c(=O)n2CC(N)=O	B			
346196	0.2420404	368	COC(=O)c1cnn(-c2nc3c(c(=O)[nH]2)CC(C)(C)C3)c1C	B			
300337	0.24194103	369	CCC(CC)Oc1ccc2nn(CC(=O)c3cc(OCC4CC4)cc(C(C)(C)C)c3)c(=N)n2n1	B			
154983	0.24152108	370	COc1cc(/C=C/C(=O)c2ccccn2)cc(OC)c1OC	B			
257297	0.24132837	371	COc1ccc(-c2cc(C(F)(F)F)n3nc(C(=O)N4CC(C)CC(C)C4)cc3n2)cc1	B			
343538	0.24115321	372	CCCCOc1c(OC)ccc2cc(C(=O)NC(C)CCC)c(=O)oc12	B			
232187	0.24099635	373	C=C1C(=O)O[C@H]2[C@H]1CCC(C)=C1C[C@H]3O[C@@]3(C)[C@@H]12	B			
19915	0.24099337	374	C#CCNS(=O)(=O)c1ccc(CCN(Cc2cc(Cl)ccc2OCCC)C(=O)c2cnsn2)cc1	B			
18025	0.24097086	375	CC(C)c1cccc(C(C)C)c1OC(=O)NS(=O)(=O)Nc1ccccc1	B			
90426	0.24088499	376	COCCC(=O)N1CCN(c2nc(C(C)(C)C)c3c(c2C#N)CC(C)(C)OC3)C[C@H]1C(C)C	B			
20162	0.2408364	377	CCCCc1oc2ccc(S(=O)(=O)NC(C)C)cc2c1C(=O)c1ccc(OCCCN(CCCC)CCCC)cc1	B			
39713	0.24065585	378	CC(C)c1cc(C#N)c(F)c(C(C)C)c1NC(=O)N=S(N)(=O)c1cnc(C(C)(C)O)s1	A			
522157	0.24057773	379	Cn1c(=O)[nH]c(=O)c2c1nc(Sc1nc3ccccc3[nH]1)n2Cc1ccco1	B			
516914	0.24026379	380	Cc1cccc2c1N(C(=O)SCC(=O)Nc1ccc(S(N)(=O)=O)cc1Cl)CCC2	B			
39489	0.2401732	381	Cc1cc(Br)ccc1-n1cc2c(OCC#N)nc(N3CCOCC3)nc2n1	A			
125884	0.23966752	382	Cc1ccc(/C=C/C(=O)c2ccccc(=O)c2O)c(C)c1	B			
390020	0.23962498	383	CC(C)OC(=O)c1sccc1NC(=O)Cc1ccccc1	B			
238688	0.2395669	384	CC(C)Oc1ccc(/C=C/C(=O)c2ccccc2)cc1	B			
269131	0.23956287	385	CCCCCCN(CCCCCC)C(=O)c1cc2cc(Br)cc(Br)c2oc1=O	B			
18013	0.23943697	386	CC(C)c1cccc(C(C)C)c1OC(=O)NS(=O)(=O)N1CCc2ccccc21	B			
60442	0.23921436	387	COc1ccc(Cl)cc1NC(=O)CCS(=O)(=O)c1ccc(Br)cc1	B			
453474	0.23901828	388	O=C(Nc1ccc2ccccc2n1)c1ccccc1	B			
46318	0.23894268	389	O=C(Nc1ccc(O)cc1)c1cc(S(=O)(=O)N2CCCC2)ccc1Cl	B			
375070	0.23893106	390	Cn1c(Cc2nc3ccccc3o2)nc(N2CCOCC2)cc1=O	B			
476134	0.23888133	391	CC(C)Nc1nc(N(C)CCC2CCOCC2)nc2c1[S@+]([O-])CC2	B			
42246	0.23864454	392	O=C(Nc1ccc(C(=O)N2CCOCC2)cc1)c1c2c(nn1-c1ccccc1)CCN(S(=O)(=O)c1cccs1)C2	B			
299333	0.2386162	393	C/C1=C\CC[C@]2(C)O[C@H]2[C@@]2(O)OCC3=C2[C@H](O)C[C@@H](C)[C@]3(C)CC1	B			
304777	0.2386089	394	CCOC(=O)c1c(NC(=O)COc2ncnc3ccccc23)sc(C(C)=O)c1C	B			
19914	0.2386017	395	C#CCNS(=O)(=O)c1ccc(CCN(Cc2cc(Cl)ccc2OCCC)C(=O)c2cnccn2)cc1	B			
39747	0.23855662	396	CC(C)c1nn(Cc2nnc(-c3cc(F)cnc3Cl)o2)c(=O)c2cc3sc(Cl)cc3n12	A			
20235	0.23813397	397	COc1ccc(Cl)cc1C(=O)NCCc1ccc(S(=O)(=O)NCc2ccccc2)cc1	B			
20202	0.23805752	398	CCCNS(=O)(=O)c1ccc2c(c1)CC(NS(=O)(=O)c1cccs1)C2	B			
100337	0.23789485	399	CCOc1ccc(/C=C/C(=O)c2ccc(O)cc2)cc1	B			
126125	0.23782562	400	CCOC(=O)c1c(NC(=O)CSc2nnc(C)c(O)n2)sc2c1CCCC2	B			
394267	0.23747906	401	COc1cc(/C=N/NS(=O)(=O)c2ccc(O)c(Cl)c2)cc(OC)c1OCc1ccc(C(C)C)cc1	B			
39109	0.23739992	402	Cc1c(/C=C/C(=O)c2ccccc2O)cnn1C	B			
320208	0.23729688	403	C=C/C(O[C@H](C)C(=O)NCC(=O)NCC(=O)O)=c1/c2c(c(=O)oc1=C)CCC2	B			
299324	0.23713616	404	C/C1=C\CC[C@@]2(C)O[C@@H]2[C@@]2(O)OCC3=C2[C@@H](O)C[C@@H](C)[C@@]3(C)CC1	B			
39718	0.23704302	405	CC(C)c1cc(C#N)cc(C(C)C)c1NC(=O)N=S(N)(=O)c1cc(C(C)(C)O)cc(C(C)(C)O)c1	A			
272999	0.23687917	406	Cc1cn2nc(-c3c[nH]c(=O)[nH]c3=O)cc(C3CC3)c2n1	B			
216282	0.23657903	407	C=C1CCC[C@]2(C)Cc3occ(C)c3C[C@@H]12	B			
107281	0.23652403	408	Cc1oc(-c2ccccc2Cl)nc1CSc1nc2c(c(=O)[nH]1)CCCC2	B			
353459	0.23638594	409	Cc1ccc(C(C)C)cc1NC(=O)COC(=O)/C=C/c1ccc(O)cc1O	B			
39808	0.236363	410	CCc1ccc2cn[nH]c2c1NC(=O)N=S(N)(=O)c1cnc(C(C)(C)O)s1	A			
239095	0.23632441	411	COc1ccc(/C=C/C(=O)c2ccccc2)cc1	B			
59522	0.23601206	412	C[C@@H](c1cc(Cl)ccc1Cl)n1ncc2nc(-n3cc(C(=O)O)cn3)[nH]c(=O)c21	B			
39684	0.2358706	413	CC(=O)N(C)c1nc2nn(-c3ccc(C)cc3C)cc2c(=O)[nH]1	A			
20160	0.2358005	414	CCCCc1oc2ccc(NS(=O)(=O)c3cccnc3)cc2c1C(=O)c1ccc(OCCCN(CCCC)CCCC)cc1	B			
428269	0.23573272	415	CC(=O)c1c(C)[nH]c(C(=O)OCn2nnc3ccccc3c2=O)c1C	B			
169052	0.23570879	416	O=C(Cn1c(=O)oc2cc(S(=O)(=O)N3CCCC3)ccc21)NC1CCCc2ccccc21	B			
261288	0.23567596	417	Cn1c(=O)[nH]c(=O)c2c1nc(Sc1nc3ccccc3[nH]1)n2Cc1cnco1	B			
347005	0.23543806	418	Cn1ccc(Nc2cc3n(CC(C)(C)C)c(=O)c(C(=O)NC4CC4)c(O)n3n2)n1	B			
199686	0.23540112	419	Cc1cn(-c2cc3c(c(C4CCCCC4)c2)C(=O)NCC3)c2c1C(=O)CC(C)(C)C2	B			
41564	0.23519126	420	Nc1nc(Cl)cc(-c2nn(C(F)(F)F)cc2Cc2ccccc2)n1	B			
186667	0.23514694	421	CCCCNC(=O)C(=O)[C@H](Cc1ccccc1)NC(=O)C1=Cc2cc3c(cc2S(=O)(=O)N1CC)OCCO3	B			
39752	0.23511158	422	CC(C)c1nn(Cc2nnc(-c3cccnc3)o2)c(=O)c2cc3sc(Cl)cc3n12	A			
107786	0.23506047	423	C=C1C(=O)O[C@@H]2C[C@@H](C)[C@@H]3C=CC(=O)[C@@]3(C)[C@@H](OC(C)=O)[C@H]12	B			
20220	0.23491004	424	COc1c(C)cc(/C=C/C(=O)c2ccc(NC(=O)Nc3ccc(C)cc3)cc2)cc1C	B			
39773	0.23479228	425	CCCNc1nc2nn(-c3ccccc3C)cc2c(=O)[nH]1	A			
181100	0.23463978	426	CC(=O)c1c(C)[nH]c(C(=O)OCC(=O)Nc2ccc(Cl)cc2[N+](=O)[O-])c1C	B			
399024	0.23463416	427	O=C1OCCCCCNc2nc(nc(-c3cccc(C(F)(F)F)n3)n2)Nc2cc1cc(C(F)(F)F)c2	B			
211418	0.23455568	428	Cc1cc(S(=O)(=O)NC(=O)Nc2ncc(Br)s2)sc1CC(C)C	B			
300397	0.23451735	429	CCOc1nn2/c(=N/C)n(CC(=O)c3cc(OCCO)cc(C(C)(C)C)c3)nc2c(C)c1C	B			
67933	0.23448665	430	Cc1ccc(C)c(SCC(=O)OCC(=O)C(C#N)c2nc3ccccc3[nH]2)c1	B			
255689	0.23448654	431	CC1=N/C(=C\c2cc(C)c(O)c(C)c2)C(=O)N1CC(=O)O	B			
168010	0.23444958	432	COc1ccc(O)c(C=c2sc3nc4cc(C)c(C)cc4n3c2=O)c1	B			
147110	0.23437102	433	CC(C)Cn1c(=O)n(C)c(=O)c2[nH]c(C(C)(C)C)nc21	B			
148047	0.23433271	434	CC[C@H](c1ccc(C(F)(F)F)nc1)n1nc(C2CC2)c2c(=O)[nH]c(C)nc21	B			
20169	0.23427029	435	CCCNS(=O)(=O)c1ccc2c(c1)CC(N(Cc1cc(Cl)ccc1OCCOC)C(=O)/C=C/CN1CCCCC1)C2	B			
408461	0.23412196	436	CCc1nn(-c2ccccc2)c2nc(C3CCN(c4ccncc4)CC3)[nH]c(=O)c12	B			
276181	0.234013	437	Cc1cn2nc(-n3ccc(=O)c(O)c3)ccc2n1	B			
183020	0.23391652	438	C/C1=C\CC(OC(=O)c2ccccc2)/C(C)=C/[C@@H](O)C(C)(C)CCC1	B			
71449	0.23388475	439	Cn1c(=O)c2c(ccn2CC(=O)Nc2ccc(C(C)(C)C)cc2)n(C)c1=O	B			
197959	0.23385711	440	C=C1[C@H](OC(C)=O)[C@H]2[C@@H](OC(=O)c3ccccc3)[C@@H](C)C[C@]2(O)C(=O)[C@@H](C)/C=C/C(C)(C)C(=O)[C@H](O)[C@H]1OC(C)=O	B			
299325	0.23382145	441	C/C1=C\CC[C@@]2(C)O[C@@H]2[C@@]2(O)OCC3=C2[C@@H](O)C[C@@H](C)[C@]3(C)CC1	B			
197961	0.2338198	442	C=C1[C@H](OC(C)=O)[C@H]2[C@@H](OC(=O)c3ccccc3)[C@@H](C)C[C@]2(OC(C)=O)C(=O)[C@@H](C)/C=C/C(C)(C)C(=O)[C@H](O)[C@H]1OC(C)=O	B			
168423	0.2336389	443	Cc1c(Cc2c(Cl)cccc2Cl)nc(SC2CCCC2)[nH]c1=O	B			
299348	0.23356813	444	C=C1C2=CC[C@@H](C)[C@]1(C)CC[C@]1(C)O[C@H]1CC[C@@]1(C)O[C@@H]1C2=O	B			
121817	0.23347883	445	O=C(Cc1nn(CC(=O)N2CCOCC2)c(=O)c2ccccc12)Nc1ccc(OC(F)(F)F)c(Cl)c1	B			
108483	0.23346321	446	CCOC(=O)c1c(NC(=O)COc2ncnc3ccccc23)sc(C)c1CC	B			
20446	0.23333374	447	CC1(C)CC(=O)c2sc(N3CCOc4ccccc43)nc2C1	B			
293583	0.23324876	448	Cc1noc(NS(=O)(=O)c2ccsc2C(=O)Cc2ccc3c(c2)OCO3)c1Br	B			
420888	0.23320603	449	COc1cc2c(cc1NS(=O)(=O)c1cccc(Cl)c1Cl)[nH]c(=O)n2C1CNC1	B			
87337	0.23317619	450	COCCc1sc(S(=O)(=O)NC(=O)Nc2cc(SC)cc(N)n2)cc1C	B			
20231	0.23296183	451	COc1ccc(Cl)cc1C(=O)NCCc1ccc(S(=O)(=O)NCCc2ccccc2)cc1	B			
405901	0.23292014	452	CC(C)c1nn(-c2c(Cl)cccc2Cl)c2nc(Cc3ccc(OCCO)cc3)[nH]c(=O)c12	B			
19899	0.2328937	453	C#CCNS(=O)(=O)c1ccc(CCN(Cc2cc(Cl)ccc2N)C(=O)Cc2ccsc2)cc1	B			
226729	0.2328864	454	Cn1c(Cc2nn(C)c(=O)c3ccccc23)ccc1SCC(=O)c1ccc(Cl)cc1Cl	B			
39714	0.23282203	455	CC(C)c1cc(C#N)c(F)c(C(C)C)c1NC(=O)N=S(N)(=O)c1cnc(C(C)(O)CO)s1	A			
301748	0.2327148	456	O=C(CNC(=O)c1ccc(Cl)cc1)OC(C(=O)Nc1ccc(Cl)cc1C(F)(F)F)c1ccccc1	B			
299330	0.23267195	457	C/C1=C\CC[C@]2(C)O[C@H]2[C@@]2(O)OCC3=C2CC[C@@H](C)[C@@]3(C)CC1	B			
346874	0.232626	458	Cc1cc(Nc2cc3n(CC(C)(C)C)c(=O)c(C(=O)NC4CC4)c(O)n3n2)ncn1	B			
199687	0.23257656	459	Cc1cn(-c2cc3c(c(C4CCOCC4)c2)C(=O)NCC3)c2c1C(=O)CC(C)(C)C2	B			
232412	0.23251241	460	CC1=CC[C@@H]2[C@H]1[C@H]1OC(=O)[C@@H](C)[C@@H]1CC[C@]2(C)O	B			
199684	0.23248166	461	Cc1cn(-c2cc3c(c(C(C)(C)C)c2)C(=O)NCC3)c2c1C(=O)CC(C)(C)C2	B			
356937	0.23238908	462	Cc1cccc(C(=O)Nc2sc3c(c2C(N)=O)CCCC3)c1	B			
334067	0.23237753	463	Cn1c(CC(=O)N2CC(C)(C)c3c(Cl)cccc32)nc(N2CCOCC2)cc1=O	B			
197965	0.23237132	464	C=C1[C@H](OC(C)=O)[C@H]2[C@@H](OC(=O)c3ccccc3)[C@](C)(O)C[C@]2(O)C(=O)[C@@H](C)/C=C/C(C)(C)C(=O)[C@H](OC(C)=O)[C@H]1OC(=O)c1ccccc1	B			
142089	0.23221827	465	C=c1[nH]c2ccc(C)cc2c1=Cc1c(N)n2oc(C)cc2nc1=O	B			
476230	0.23200831	466	CCn1nc(C[C@@H](C)COC(=O)C2CCN(C)CC2)c2c1C(=O)NCC1(CCOCC1)C2	B			
383325	0.23196797	467	Cc1cc(Nc2nn(C(C)C)c(=O)c3cc(S(C)(=O)=O)ccc23)n[nH]1	B			
148053	0.23188901	468	CC[C@H](c1ccc(C(F)(F)F)nc1)n1nc(C2CC2)c2c(=O)[nH]c(Cc3ccc(F)cn3)nc21	B			
20133	0.23164867	469	C=C1C(=O)O[C@H]2[C@H]1CCC(C)=C1CC[C@@](C)(O)[C@@H]12	A			
516090	0.23161657	470	Cc1c(C(C#N)c2cc(Cl)cc(C(F)(F)F)c2)nc(SC(C)C)[nH]c1=O	B			
6309	0.23150216	471	CCO[C]([O-])c1c(NC(=O)Cc2cccs2)sc2c1CCN([C]([O-])OCC)C2	B			
20221	0.23146732	472	COc1c(C)cc(/C=C/C(=O)c2ccc(NC(=O)Nc3ccc(F)cc3)cc2)cc1C	B			
17739	0.23142433	473	CC(C)c1cccc(C(C)C)c1NC(=O)NS(=O)(=O)N1CCCCC1	B			
36788	0.23132463	474	Cn1cc(Nc2ncc(C(F)(F)F)c(N[C@H]3[C@@H](C(N)=O)C[C@H]4C[C@@H]3C4(C)C)n2)cn1	B			
451959	0.23122907	475	COC(=O)c1c(NC(=O)c2ccccc2[N+](=O)[O-])sc2c1CCC2	B			
153544	0.23116021	476	Cc1nc2c(c(C3CC3)nn2[C@H](C)c2ccc(C(F)(F)F)cn2)c(=O)[nH]1	B			
30602	0.23099509	477	CC(C)CNC(=O)Cn1sc2ccccc2c1=O	B			
20200	0.2309652	478	CCCNS(=O)(=O)c1ccc2c(c1)CC(NC(=O)c1cc(Cl)ccc1OCCN(C)C)C2	B			
191130	0.23074394	479	Cc1ccc(/C=C/C(=O)c2cc(Cl)ccc2O)c(C)c1	B			
118858	0.23054378	480	Cc1ccccc1-n1ncc2c(=O)[nH]c(CC3CCCC3)nc21	B			
39527	0.23053896	481	Cc1ccc(-c2nnc(Cn3nc(C(C)C)n4c(cc5sc(Cl)cc54)c3=O)o2)c(Cl)n1	A			
391561	0.23051952	482	CC(=O)N1CCc2nc(NC(C)C)c(N3CCC(S(=O)(=O)c4ccccc4F)CC3)nc2C1	B			
8968	0.23046082	483	Cc1cn(-c2cc3c(c(C4CCCC4)c2)C(=O)NCC3)c2c1C(=O)CC(C)(C)C2	B			
17719	0.23034711	484	CC(C)c1cccc(C(C)C)c1NC(=O)NS(=O)(=O)N1CCC(c2ccccc2)CC1	B			
118951	0.2302135	485	O=c1[nH]c(CC2CCCO2)nc2c1cnn2C1CCCC1	B			
39488	0.23008384	486	Cc1cc(Br)ccc1-n1cc2c(OC(C)C)nc(N3CCOCC3)nc2n1	A			
167720	0.22999173	487	CCOC(=O)C1CCCN(C(=O)Cn2sc3nc(C)cc(C)c3c2=O)C1	B			
197962	0.22999054	488	C=C1[C@H](OC(C)=O)[C@H]2[C@@H](OC(=O)c3ccccc3)[C@@H](C)C[C@]2(OC(C)=O)C(=O)[C@@H](C)/C=C/C(C)(C)C(=O)[C@H](OC(C)=O)[C@H]1OC(=O)c1ccccc1	B			
297398	0.22995093	489	Cc1noc(NS(=O)(=O)c2ccsc2C(=O)Cc2ccc3c(c2)OCO3)c1C	B			
118949	0.22994432	490	O=c1[nH]c(CC2CCCC2)nc2c1cnn2-c1cc(Cl)ccc1Cl	B			
173458	0.2298931	491	NC(=O)c1c(NC(=O)COC(=O)CCC(=O)c2ccc(Cl)cc2)sc2c1CCC2	B			
87329	0.22976924	492	COCCc1sc(S(=O)(=O)NC(=O)Nc2cc(Br)cc(NCC(F)(F)F)n2)cc1C	B			
17730	0.22957858	493	CC(C)c1cccc(C(C)C)c1NC(=O)NS(=O)(=O)N1CCCC1	B			
121708	0.2293843	494	CCOc1cc2[nH]c(Cc3nn(CC(=O)N4CCOCC4)c(=O)c4ccccc34)nc2cc1Cl	B			
217288	0.2293625	495	COc1cc(C(=O)Nc2nc3c(s2)C[C@]2(C)CC[C@@H]4[C@H](OC(=O)[C@H]4C)[C@H]2[C@@H]3C)cc(OC)c1OC	B			
294436	0.22931482	496	Cc1ccc(S(=O)(=O)N2CCCCC2)cc1NC(=O)c1ccc(=O)[nH]c1	B			
293594	0.22931367	497	Cc1noc(NS(=O)(=O)c2ccsc2C(=O)Nc2cc3c(cc2OCCO)OCO3)c1Cl	B			
299331	0.22931272	498	C/C1=C\CC[C@]2(C)O[C@H]2[C@@]2(O)OCC3=C2CC[C@@H](C)[C@]3(C)CC1	B			
80245	0.22926743	499	C/C=C/C[C@H](C)[C@@H](OC)[C@@H](C)[C@H](O)C[C@H]1OC(=O)C=C[C@H]1CC	B			
168422	0.22913677	500	Cc1c(Cc2c(Cl)cccc2Cl)nc(SC(C)C)[nH]c1=O	B			
72302	0.22909775	501	O=C(CCCc1ccccc1)C(=O)NCCc1ccc(Oc2ccc(C(F)(F)F)nc2)cc1	B			
431065	0.22897704	502	Cn1c(=O)[nH]c(=O)c2c1nc1n(CCCCO)c(-c3ccccc3)cn21	B			
142003	0.22897184	503	O=C(COC(=O)c1cc(Br)ccc1O)Nc1cc(S(=O)(=O)N2CCCC2)ccc1Cl	B			
199685	0.22896352	504	Cc1cn(-c2cc3c(c(C4CCC4)c2)C(=O)NCC3)c2c1C(=O)CC(C)(C)C2	B			
39833	0.22893567	505	O=c1[nH]c(N2CCCC2)nc2nn(-c3cccc4ccccc34)cc12	A			
87338	0.22891365	506	Cc1cc(C(F)(F)F)cc(NC(=O)NS(=O)(=O)c2cc(C)c(CCO)s2)n1	B			
423459	0.22881986	507	Cc1cc(C)cc(-n2c(O)cc(Sc3nnnn3-c3ccccc3)c2O)c1	B			
146142	0.22878681	508	Cc1cc2c(C(N)=O)nn(CC(=O)N3[C@@H]4C[C@@H]4C[C@H]3C(=O)N[C@H](C)[C@H]3CC3(Cl)Cl)c2c(C)n1	B			
39809	0.22873934	509	CCc1ccc2cnn(C)c2c1NC(=O)N=S(N)(=O)c1ncc(C(C)(C)O)s1	A			
293584	0.22859329	510	Cc1noc(NS(=O)(=O)c2ccsc2C(=O)Cc2ccc3c(c2)OCO3)c1Cl	B			
20222	0.228248	511	COc1cc(/C=C/C(=O)c2ccc(SC)cc2)ccc1O	B			
34186	0.22820699	512	CCOC(=O)/C=C/C(=O)[C@H](C)NC(=O)[C@H](Cc1ccccc1)NC(=O)OCc1ccccc1	B			
292416	0.22815153	513	CC(=O)c1c(C)[nH]c(C(=O)COc2cc(C)ccc2C(C)C)c1C	B			
513628	0.2281113	514	C=C1OC(=O)c2c(C)cc(C)cc21	B			
41571	0.2280019	515	Nc1nc(Cl)cc(-c2nn(C(F)F)cc2Cc2ccccc2)n1	B			
19894	0.2279471	516	C#CCNS(=O)(=O)c1ccc(CCN(CC=C)Cc2cc(Cl)ccc2OC)cc1	B			
304045	0.22781064	517	Cc1cc(C)c(C(=O)/C=C/c2nc(C)c(C)nc2C)cc1C	B			
432401	0.22779489	518	Cc1ccc(OCC(=O)N(Cc2nnc(-c3ccccc3Cl)o2)C2CC2)cc1C	B			
198622	0.22769105	519	COc1ccccc1C(=O)/C=C/c1c(C)cc(C)cc1C	B			
369051	0.22767672	520	O=S(=O)(Nc1cc(Cl)ccc1[S+]([O-])CCO)c1ccc(Cl)c(C(F)(F)F)c1	B			
304314	0.22766633	521	O=C(C=Cc1ccccc1)CC(=O)c1ccccc1O	B			
60840	0.22762275	522	Cn1c(=O)c2c(ncn2CC(=O)Nc2ccc(-c3ccccc3)nn2)n(C)c1=O	B			
20212	0.22762099	523	CNC(=O)CNC(=O)c1ccc(C(=O)/C=C/c2cc(C)c(O)c(C)c2)cc1	B			
476246	0.22759488	524	CN(c1nc(N2CC(OC(=O)C3CCS(=O)(=O)CC3)C2)nc2c1[S+]([O-])CC2)C1CCOCC1	B			
42482	0.22757146	525	Cc1oc(-c2ccccc2Cl)nc1CS(=O)(=O)CC(=O)NCCc1ccccc1	B			
404865	0.22756605	526	COc1nc(-c2csc(Nc3c4c(nn3C(C)C)CCCC4)n2)ccc1-n1cnc(C)c1	B			
39741	0.22744273	527	CC(C)c1nn(CC(=O)N[C@@H]2CCCN(C3CCC3)C2)c(=O)cc1-c1cccc(Cl)c1	A			
87339	0.22741765	528	Cc1cc(S(=O)(=O)NC(=O)Nc2cc(C(F)(F)F)c(F)c(N)n2)sc1CCO	B			
39586	0.22722405	529	Cc1ccccc1-n1cc2c(=O)[nH]c(Nc3ccccc3)nc2n1	A			
239264	0.2272156	530	Cc1cccc(/C=C/C(=O)c2ccccc2)c1	B			
190457	0.22717576	531	COc1ccc(-c2[nH]oc3c(O)n(-c4c(C)cccc4C)c(=O)c2-3)cc1OC	B			
20172	0.2271384	532	CCCNS(=O)(=O)c1ccc2c(c1)CC(N(Cc1cc(Cl)ccc1OCCOC)C(=O)/C=C\c1ccc(O)c(OC)c1)C2	B			
64973	0.22692631	533	Cn1c(-c2ccc(CN3CCCC3)cc2)nc2onc(-c3ccccc3Cl)c2c1=O	B			
67246	0.22662167	534	COc1ccc(C(=O)/C=C/c2ccc(O)c(Br)c2)cc1	B			
239027	0.22651696	535	COc1cc(/C=C/C(=O)c2ccc(Cl)cc2)ccc1O	B			
141999	0.22647169	536	O=C(COC(=O)CCC(=O)c1cccs1)Nc1ccccc1[N+](=O)[O-]	B			
301780	0.22636296	537	COc1ccc(/C=C/C(=O)c2ccccn2)c(OC)c1	B			
299322	0.22628441	538	C/C1=C\CC[C@@]2(C)O[C@@H]2[C@@]2(O)OCC3=C2CC[C@@H](C)[C@@]3(C)CC1	B			
168323	0.22627395	539	COCCn1c(-c2ccc(-c3ccccc3Cl)o2)nc2c1c(=O)[nH]c(=O)n2CC(C)C	B			
181167	0.22623105	540	Cn1nc(CC(=O)Nc2ccc3c(c2)OCCO3)c2ccccc2c1=O	B			
39492	0.22584993	541	Cc1cc(C#N)c(C(F)(F)F)cc1Nc1nc(C(=O)NS(=O)(=O)N2CCCOCC2)co1	A			
20218	0.22574961	542	COCCOc1ccc(Cl)cc1CN(C(=O)c1cc2ccccc2o1)C1Cc2ccc(S(=O)(=O)Nc3c4c(cc5c3CCC5)CCC4)cc2C1	B			
60525	0.22566605	543	Cc1ccc(C(=O)OCC(=O)c2ccc(CC(=O)N3CCOCC3)s2)cc1C	B			
277103	0.2255733	544	COc1ccc(NC(=O)C(C)Sc2nc3cnc(C(F)(F)F)cc3[nH]2)cc1O	B			
476166	0.22546259	545	CCCCNc1nc(N(C)CCC2CCOCC2)nc2c1[S@+]([O-])CC2	B			
66175	0.22533594	546	NS(=O)(=O)c1c(NS(=O)(=O)CCc2ccc(-c3ccco3)cc2)ccc2c1CCC2	B			
353461	0.22533044	547	Cc1ccc(C(C)C)cc1NC(=O)COC(=O)c1ccc(O)cc1O	B			
199688	0.22529076	548	Cc1cn(-c2cc3c(c(Cc4ccccc4)c2)C(=O)NCC3)c2c1C(=O)CC(C)(C)C2	B			
229267	0.22513573	549	COc1ccc(CC(=O)N(Cc2ccccc2)c2ccc(C)cc2)cc1S(=O)(=O)N1CCOCC1	B			
419848	0.22497106	550	CCCCCCCCCCCCCCCC(=O)c1c(O)oc(CC(=O)OC([N+]#N)C(=O)OCC)c1O	B			
113707	0.22496353	551	Cc1sc(S(N)(=O)=O)cc1NC(=O)c1cc(C(F)(F)F)cnc1N1CCCCCC1	B			
20143	0.2249559	552	CC1=C2CC[C@@](C)(O)[C@@H]2[C@H]2OC(=O)[C@@H](CN(C)CCCOc3no[n+]([O-])c3S(=O)(=O)c3ccccc3)[C@@H]2CC1	B			
245912	0.22483432	553	O=CC(C=Nc1ccccn1)c1nc2ccccc2o1	B			
77021	0.22483253	554	Cc1cc(Nc2nc(O[C@H]3CCOC3)c3c(ccn3-c3cnn(C)c3)n2)cs1	B			
18868	0.22476391	555	Cc1c(OCC(F)(F)F)ccnc1C[S+]([O-])c1nc2ccccc2[nH]1	B			
68105	0.22473884	556	Cc1cc(C(=O)COC(=O)c2ccccc2Br)c(C)n1CC1CCCO1	B			
4281	0.22459012	557	CCC/C(C)=C/C=C(\C)C(=O)C1=C(O)C=C([C@H](C)CC/C=C/N[C]([O-])OC)O[C]1[O-]	B			
293591	0.22456808	558	Cc1noc(NS(=O)(=O)c2ccsc2C(=O)Nc2cc3c(cc2CCCO)OCO3)c1Cl	B			
39750	0.22450976	559	CC(C)c1nn(Cc2nnc(-c3ccc(F)nc3F)o2)c(=O)c2cc3sc(Cl)cc3n12	A			
167888	0.22431365	560	CCc1cc(N(CC)Cc2nc3c(Cl)ccc(Cl)c3o2)c(=O)[nH]c1C	B			
369050	0.22405759	561	O=S(=O)(Nc1cc(Cl)ccc1[S+]([O-])C1CCC(O)C1)c1ccc(Cl)c(C(F)(F)F)c1	B			
476642	0.22405604	562	C=CCNC(=O)O[C@H]1[C@@H](O)[C@H]2C(C)(C)CC[C@H](O)[C@]2(C)[C@@]2(O)C(=O)C[C@](C)(C=C)O[C@]12C	B			
217255	0.22402278	563	COc1cc(/C=C/C(=O)NCCc2ccccc2)cc(OC)c1O	B			
299323	0.22401562	564	C/C1=C\CC[C@@]2(C)O[C@@H]2[C@@]2(O)OCC3=C2CC[C@@H](C)[C@]3(C)CC1	B			
126647	0.2239329	565	Cc1ccc(-c2c(C)sc3ncn(CC(=O)N4CCOCC4)c(=O)c23)cc1C	B			
395356	0.22387089	566	Cc1ccccc1N(CC(=O)NC1CCCC1)C(=O)c1oc(C(C)(C)C)cc1C	B			
118495	0.22384606	567	CCC(CC)n1ncc2c(=O)[nH]c(CC3C=CCC3)nc21	B			
12680	0.22381064	568	CCO[C]([O-])c1ccc(-c2csc3c2O[C@@H]([N+]2CCOCC2)C=C3O)cc1	B			
293582	0.22359	569	Cc1noc(NS(=O)(=O)c2ccsc2C(=O)Cc2cc3c(cc2C#N)OCO3)c1Cl	B			
239029	0.2233793	570	COc1cc(/C=C/C(=O)c2ccccc2)ccc1O	B			
446040	0.22331665	571	O=c1[nH]c(C2CCCN(S(=O)(=O)c3cccc(Cl)c3)C2)nc2c1nnn2Cc1ccc2c(c1)OCCO2	B			
293590	0.22328976	572	Cc1noc(NS(=O)(=O)c2ccsc2C(=O)Nc2cc3c(cc2CC(=O)N(C)C)OCO3)c1Cl	B			
196864	0.22325936	573	Cc1cc(Nc2nc(N3CCCCCC3)nc3c2CCC3)n[nH]1	B			
261282	0.22324796	574	Cn1c(=O)[nH]c(=O)c2c1nc(Cc1nc3ccccc3[nH]1)n2Cc1ccccc1	B			
46328	0.22318678	575	Cc1cc(Cl)c(OCCO)cc1NC(=O)N1C=CC(=O)C[C@H]1c1ccc(F)cc1	B			
476216	0.22316086	576	CC[C@H](C)Nc1nc(N(C)CCC2CCOCC2)nc2c1[S@+]([O-])CC2	B			
518902	0.22313972	577	Cc1cc(S(=O)(=O)Nc2nc3cc(C(C)(C)C)sc3c(=O)n2N)c(S)cc1Cl	B			
187008	0.22310252	578	O=C[C@H](Cc1ccccc1)NC(=O)C1=NS(=O)(=O)c2cc3c(cc2N1)OCCO3	B			
406673	0.2229214	579	COc1ccc(/C=C/C(=O)/C=C(O)/C=C/c2ccc(OC)cc2)cc1	B			
168578	0.22288623	580	Cc1cccc(Cc2cc(=O)[nH]c(SC3CCCC3)n2)c1	B			
20144	0.22287506	581	CC1=C2CC[C@@](C)(O)[C@@H]2[C@H]2OC(=O)[C@@H](CN(C)CCOc3no[n+]([O-])c3S(=O)(=O)c3ccccc3)[C@@H]2CC1	B			
39566	0.22285733	582	Cc1ccc(C(F)F)cc1Nc1nc(C(=O)NS(=O)(=O)N2CCOC(COC(F)F)CC2)co1	A			
79931	0.22271034	583	C#CCNCC(=O)N1CCN(c2nc(C3CC3)c3c(c2C#N)CC(C)(C)OC3)C[C@H]1C(C)C	B			
20213	0.22267933	584	CNS(=O)(=O)c1ccc(CCNC(=O)c2c(Cl)cccc2OC)cc1	B			
361902	0.22266965	585	C=C(C)c1cc(NOS(=O)(=O)c2ccccc2)c(C)cc1O	B			
10348	0.22251096	586	CCc1c(C(=O)Nc2cc(S(=O)(=O)N(CC)CC)c(C)cc2O)[nH]c(C)c1C(C)=O	B			
118884	0.22244883	587	Cc1nc([C@@H]2CC[C@H]2c2nc3c(cnn3C3CCOCC3)c(=O)[nH]2)oc1C	B			
118943	0.22236302	588	O=c1[nH]c(C2CCC2c2ccccn2)nc2c1cnn2C1CCC(F)(F)CC1	B			
76792	0.22224842	589	COc1cc2nn(C3CCOC3)cc2cc1NC(=O)c1cccc(C(F)(F)F)n1	B			
105767	0.22217405	590	Cc1nc2c(C(C)C)cc(C#Cc3nc(N4CCCC4)nn3C)nn2c1C	B			
476247	0.22213544	591	CN(c1nc(N2CC(OC(=O)CCS(C)(=O)=O)C2)nc2c1[S+]([O-])CC2)C1CCOCC1	B			
39729	0.22207828	592	CC(C)c1cc(F)cc(C(C)C)c1NC(=O)N=S(N)(=O)c1cnc2ccccc2c1	A			
461413	0.2220116	593	CCOC(=O)C(Cc1ccccc1)NC(=O)N1CCc2cc(S(=O)(=O)N3CCN(c4cccc(Cl)c4)CC3)ccc21	B			
415141	0.22193322	594	CCc1ccc(N(CC(C)C)S(=O)(=O)c2ccc(OCC3CCOCC3)c3c2CCC3O)cc1	B			
100309	0.22188431	595	CCCOc1ccc(/C=C/C(=O)c2ccc(O)cc2)cc1	B			
297416	0.22186577	596	Cc1noc(NS(=O)(=O)c2ccsc2C(O)Cc2ccc3c(c2)OCO3)c1Cl	B			
516089	0.22186013	597	Cc1c(C(C#N)c2cc(C(F)(F)F)cc(C(F)(F)F)c2)nc(SC(C)C)[nH]c1=O	B			
150690	0.22185063	598	C[C@@H](c1ccc(C(F)(F)F)nc1)n1nc(C2CC2)c2c(=O)[nH]c(Cc3ccc(F)cn3)nc21	B			
34068	0.22171451	599	CC(C)c1cccc(C(C)C)c1OC(=O)NC(=O)SCc1ccco1	B			
169630	0.2216582	600	CC1=CC(=O)[C@H]2/C(C=O)=C\C[C@H]3[C@@H]([C@@H](C)/C=C\[C@@H]4OC4(C)C)CC[C@]3(C)C[C@H]12	B			
20228	0.22165723	601	COc1ccc(Cl)cc1C(=O)NCCc1ccc(S(=O)(=O)N2CCC2)cc1	B			
515392	0.22164902	602	CCOCn1c(C(=O)c2cc(C)cc(C)c2)c(CC)c(=O)n(O)c1=O	B			
105753	0.22164544	603	Cc1nc(C)c(C2CC2)nc1-c1cc2nc(N3CCCC3)cc(NCC(C)(C)O)n2n1	B			
153551	0.22154586	604	Cc1nc2c(c(C3CC3)nn2[C@H](C)c2ccc(C(F)(F)F)nc2)c(=O)[nH]1	B			
177552	0.22149	605	Cc1cc(/C=C/C(=O)/C=C/c2cc(C)c(O)c(C)c2)cc(C)c1O	B			
42252	0.22139487	606	O=C(Nc1ccccc1)c1c2c(nn1-c1ccccc1)CCN(S(=O)(=O)c1cccs1)C2	B			
20374	0.22122234	607	CC1(C)CC(=O)c2sc(N3CCOc4ccc(Br)cc43)nc2C1	B			
156412	0.22118229	608	O=C(Cn1nc(C2CCCCC2)cc(Cc2ccco2)c1=O)NC1Cc2ccccc2C1	B			
168159	0.22117023	609	CCc1cc(S(=O)(=O)Cc2nc3c(Cl)ccc(Cl)c3o2)c(=O)[nH]c1C	B			
81684	0.2211217	610	Cn1c(=O)c2c(SCC(=O)N3CCCCCC3)ccnc2n(C)c1=O	B			
69834	0.22097644	611	O=C1Nc2c(Cl)cc3cc(C(=O)NCC4COc5ccccc5O4)oc3c2C2(CCCCC2)N1	B			
521402	0.22095676	612	COc1cc(/C=N/NC(=O)C(OC)c2ccc(N3CCCC3)cc2)cc(OC)c1Br	B			
247205	0.22094825	613	Cc1c(C(=O)C(N)=O)c2c(OCC(=O)NS(=O)(=O)c3ccccc3)cc3c(c2n1Cc1ccccc1)CCCC3	B			
369084	0.22090676	614	Nc1nc(C[S+]([O-])c2ccc(Cl)cc2NS(=O)(=O)c2cc3ccccc3o2)cs1	B			
343741	0.22084111	615	CCOC(=O)c1c(NC(=O)C23CC4CC(CC(C4)C2)C3)sc2c1CCCC2	B			
107280	0.2207726	616	Cc1nn(-c2ccccc2)c2nc(C(Cl)(Cl)Cl)[nH]c(=O)c12	B			
105772	0.22076115	617	Cc1nc2c(C3CC3)cc(C#Cc3nc(N4CCCC4)nn3C)nn2c1C	B			
201469	0.22073874	618	Cc1ccc(NCC(=O)[C@@H](Cc2ccccc2)NC(=O)Cn2c(=O)c(C)nc3ccccc32)cc1	B			
107539	0.22069876	619	Cc1cc(SCC(=O)OCC(=O)C(C#N)c2nc3ccccc3[nH]2)c(C)cc1Br	B			
8475	0.22063321	620	CCc1c(C(=O)Nc2cc(S(=O)(=O)N(CC)CC)ccc2O)[nH]c(C)c1C(C)=O	B			
279692	0.22054222	621	Cc1c(C(=O)OC(C)C(C)(C)C)cn2c1C(=O)N(Cc1ccccc1)CC2	B			
247747	0.22046094	622	Cc1cc(C)c2c(=O)n(CC(=O)Nc3ccc(Br)c(C)c3)sc2n1	B			
177325	0.22044528	623	COc1cccc(NC(C(=O)c2c[nH]c3ccccc23)c2nc3ccccc3o2)c1	B			
118496	0.22036849	624	CCC(CC)n1ncc2c(=O)[nH]c(CC3CCCCC3)nc21	B			
454117	0.22035739	625	C=c1[nH]n(-c2ccccc2)c(=O)c1=Cc1ccc(-c2cccc(C(=O)O)c2)o1	B			
46669	0.22035143	626	Cn1c(=O)c2c(ncn2S(=O)(=O)c2ccccc2Cl)n(C)c1=O	B			
1830	0.22032177	627	COC1=C2C[C@@H](C)C[C@H](OC)[C@H](O)[C@@H](C)/C=C(\C)[C@H](O[C](N)[O-])[C@@H](OC)/C=C\C=C(/C)C(=O)NC(=CC1=O)C2=O	B			
108561	0.22032052	628	COc1cc(C(=O)OCC(C)=O)ccc1OCc1c(C)noc1C	B			
72301	0.2203001	629	O=C(CCCc1ccccc1)C(=O)NCCc1ccc(Oc2ccc(C(F)(F)F)cn2)cc1	B			
39079	0.22026597	630	COc1ccc(C=Cc2noc(-c3ccccc3O)n2)cc1	B			
476214	0.22026353	631	CC[C@@H](C)Nc1nc(N(C)CCC2CCOCC2)nc2c1[S@+]([O-])CC2	B			
300331	0.2202317	632	CCC(CC)Oc1cc(C)c2nn(CC(=O)c3cc(OCCO)c(OC)c(C(C)(C)C)c3)c(=N)n2n1	B			
271856	0.22014609	633	CCC(=O)OC[C@H]1[C@H]2CC[C@@H](C)[C@]1(C)CC/C(C)=C/CC[C@@]1(C)O[C@@H]1[C@@H]2O	B			
489959	0.2201135	634	CCOc1cc(N2CCN(C)CC2)ccc1-c1nc2snc(C3CCCCC3)c2c(=O)[nH]1	B			
515325	0.22005786	635	CCc1cc(S(=O)(=O)Cc2nc3c(Cl)ccc(Cl)c3o2)c(O)nc1C	B			
402242	0.22004199	636	Cc1c(O)c(C)c2sc(NCc3cccnc3)nc2c1C	B			
126420	0.22003466	637	Cc1ccc(C)c(/C=C/C(=O)c2ccccc(=O)c2O)c1	B			
512670	0.2199739	638	CC(C)Oc1cccc(Sc2ccc3n[nH]c(=O)n3n2)c1	B			
489553	0.21997172	639	O=C(COC(=O)c1n[nH]c2ccccc12)NCCc1ccc(Cl)cc1	B			
303552	0.21991764	640	COc1ccc(/C=C/C=C/C(=O)c2cc(Cl)ccc2O)cc1	B			
239114	0.21987484	641	COc1ccc(O)c(/C=C/C(=O)c2ccccc2)c1	B			
10341	0.21983233	642	CCc1c(C(=O)Nc2cc(S(=O)(=O)N(CC)CC)ccc2O)[nH]c(C)c1C(N)=O	B			
257308	0.21982944	643	COc1ccc(-c2cc(C(F)(F)F)n3nc(C(=O)N4CCCC(C)C4)cc3n2)cc1	B			
20198	0.21970451	644	CCCNS(=O)(=O)c1ccc2c(c1)CC(N(Cc1cc(Cl)ccc1OCCOC)S(=O)(=O)c1ccc3c(c1)CNCC3)C2	B			
20170	0.2196997	645	CCCNS(=O)(=O)c1ccc2c(c1)CC(N(Cc1cc(Cl)ccc1OCCOC)C(=O)/C=C/c1ccc(O)c(OC)c1)C2	B			
60343	0.21967249	646	CC=CC=CC(=O)C1C(=O)[C@]2(C)C(=O)C(C)(O)[C@H]1[C@H]([C@]1(C)OC(=O)C(C)C1=O)[C@H]2C(=O)C=CC=CC	B			
105774	0.21954036	647	Cc1nc2c(C3CCC3)cc(C#Cc3nc(N4CCCC4)nn3C)nn2c1C	B			
42321	0.21951193	648	CC(C)Cn1c(SCC(=O)N2CCc3ccccc3C2)nc(O)cc1=O	B			
25371	0.21943802	649	Cc1cc(C)c(C(=O)COc2cccnc2[N+](=O)[O-])cc1C	B			
118991	0.21933609	650	O=c1[nH]c(Cc2ccccc2-c2noc(C(F)(F)F)n2)nc2c1cnn2C1CCOCC1	B			
512773	0.21926276	651	Cc1cc(C)cc(Sc2ccc3n[nH]c(=O)n3n2)c1	B			
325558	0.21922247	652	CCCn1c(=O)c2[nH]c(C3CCCC3)nc2n(CC(C)OC(=O)CBr)c1=O	B			
345861	0.21920681	653	Cc1cc(-n2ccc(-n3cc[nH]c3=O)n2)c2c(n1)N(c1ccc(C(F)(F)F)cc1C(F)(F)F)CC2	B			
210362	0.21910916	654	CO[C@]1(C)O[C@H]2[C@@H](OCc3ccccc3)C=C(COC(C)=O)C(=O)[C@@H]2O[C@@]1(C)OC	B			
522126	0.21910433	655	CCn1c(=O)[nH]c(=O)c2c1nc(Cc1cn3cc(C)sc3n1)n2C(C)C	B			
508618	0.21909472	656	CCC(COC)OC(=O)c1ccc(NS(=O)(=O)c2cc(Cl)cc(Cl)c2)cc1O	B			
210363	0.21907434	657	CO[C@]1(C)O[C@H]2[C@H](OCc3ccccc3)C=C(COC(C)=O)C(=O)[C@@H]2O[C@@]1(C)OC	B			
308847	0.21904977	658	CC(=O)N1CCC(Nc2ncc3c(n2)-c2c(c(C(N)=O)nn2C)CC3)CC1	B			
220074	0.21904826	659	CCOC(Cc1scnc1C(=O)Nc1nccs1)C(C)C	B			
38818	0.21898015	660	CCOC(=O)c1c(C)[nH]c(C(=O)OCC(=O)c2ccccc2)c1C	B			
201	0.21890192	661	COC1=C2C[C@H](C)C[C@H](OC)[C@H](O)[C@@H](C)/C=C(\C)[C@H](O[C](N)[O-])[C@@H](OC)/C=C\C=C(/C)C(=O)NC(=CC1=O)C2=O	B			
165991	0.21885255	662	Cc1ccc(C)c(NC(=O)CSc2nc3n[nH]cc3c(=O)[nH]2)c1	B			
346195	0.21884461	663	COC(=O)c1cnn(-c2nc(C)cc(=O)[nH]2)c1C	B			
20236	0.21883863	664	COc1ccc(Cl)cc1C(=O)NCCc1ccc(S(=O)(=O)Nc2ccccc2)cc1	B			
293589	0.21877635	665	Cc1noc(NS(=O)(=O)c2ccsc2C(=O)Nc2cc3c(cc2CC#N)OCO3)c1Cl	B			
196640	0.2187558	666	Cc1c2c(nn1C)CCc1cnc(Nc3ccccc3Cl)nc1-2	B			
68079	0.21875194	667	COc1cc(C(=O)Nc2sc3c(c2C(=O)O)CCC(C)C3)cc(OC)c1OC	B			
303943	0.21864812	668	Cc1sc(NN=C2CCCC2)nc1-c1ccccc1	B			
249648	0.21863951	669	COc1cccc(-c2csc(N/N=C3\CC(=O)c4ccccc43)n2)c1	B			
318593	0.21858211	670	Cc1nc2c3nc(C(F)(F)F)[nH]c3nc(-c3ccc(C)o3)n2n1	B			
146148	0.21854684	671	Cc1cc2c(C(N)=O)nn(CC(=O)N3[C@@H]4C[C@@H]4C[C@H]3C(=O)Nc3cccc(C(F)(F)F)n3)c2c(C)n1	B			
20191	0.21852107	672	CCCNS(=O)(=O)c1ccc2c(c1)CC(N(Cc1cc(Cl)ccc1OCCOC)C(=O)c1ccc3cnccc3n1)C2	B			
168160	0.21851948	673	CCc1cc(SCc2nc3c(Cl)ccc(Cl)c3o2)c(=O)[nH]c1C	B			
300393	0.21850355	674	CCOc1cc(CC)c2nn(CC(=O)c3cc(OCCCO)c(OC)c(C(C)(C)C)c3)c(=N)n2n1	B			
39721	0.21848825	675	CC(C)c1cc(C#N)cc(C(C)C)c1NC(=O)N=S(N)(=O)c1ccc(S(C)(=O)=O)cc1	A			
504210	0.21848676	676	COC(=O)COC(=O)c1sc(C(C)(C)C)cc1NC(=O)Nc1ccc(C)cc1	B			
197960	0.21846399	677	C=C1[C@H](OC(C)=O)[C@H]2[C@@H](OC(=O)c3ccccc3)[C@@H](C)C[C@]2(OC(C)=O)C(=O)[C@@H](C)/C=C/C(C)(C)C(=O)[C@H](O)[C@H]1OC(=O)c1ccccc1	B			
191131	0.21845937	678	Cc1ccc(/C=C/C(=O)c2cc(Cl)ccc2O)cc1	B			
260982	0.21843217	679	Cc1ccc2[nH]c(Sc3nc4c(c(=O)[nH]c(=O)n4C)n3Cc3ccccc3)nc2c1	B			
71451	0.21841604	680	Cn1c(=O)c2c(ccn2CC(=O)Nc2ccc(I)cc2)n(C)c1=O	B			
508647	0.21840662	681	COCCOC(=O)c1ccc(NS(=O)(=O)c2c(Cl)sc(Cl)c2Br)cc1O	B			
420806	0.21839808	682	CC(c1ccc(Cl)cc1Cl)n1ncc2ncc(N3CCC(N4CCCCC4)CC3)nc21	B			
413975	0.21836667	683	CCOC(=O)[C@H]1CCN(c2nn(C(=O)c3c(Cl)cccc3C3CC3)c3c2CCCC3)C[C@H]1O	B			
375378	0.21834889	684	CCc1cc(C(=O)OCC(=O)N2CCC(c3ccccc3)=N2)sc1C	B			
15298	0.21833733	685	COc1ccc(S(=O)(=O)N2CCc3ccccc3CC2)cc1NC(=O)Cc1n[nH]c(=O)c2ccccc12	B			
75162	0.2182954	686	CCOC(=O)N1CCN(C(=O)Cn2cc3cc(NC(=O)c4cccc(C(F)(F)F)n4)ccc3n2)CC1	B			
482196	0.21819222	687	O=C(NC1CCc2ccc(N3CCC4(CCOCC4)CC3)cc2-n2c1noc2=O)c1n[nH]c(Cc2ccccc2)n1	B			
409781	0.21816649	688	CCN(CC)CC[S+]([O-])c1cc(F)ccc1S(=O)(=O)Nc1ccc2c(c1C(=O)O)CCCC2	B			
39099	0.2181636	689	CSc1ccc(/C=C/C(=O)c2ccc(O)cc2)cc1	B			
365374	0.2181395	690	CCN1CCN(c2cc3[nH]c(S[C@]4(C)CC[C@@H](c5nc(C)no5)CC4)nc3cc2Cl)CC1	B			
315689	0.2181305	691	Cn1c2c(c(=O)n1-c1ccccn1)[C@H]1CC[C@]2(C)C1(C)C	B			
443393	0.21808863	692	CCOC(=O)c1nn(-c2ccccc2)c(=O)cc1OCC(=O)Nc1ccccc1OCC	B			
374598	0.21804863	693	CC(C)c1cc(C(C)C)c(S(=O)(=O)n2cc3c(=O)oc4ccccc4c3n2)c(C(C)C)c1	B			
125038	0.21801698	694	Cc1cc(NC(=O)/C=C/c2ccccc2)c(C(C)C)cc1O	B			
239030	0.21797615	695	COc1cc(/C=C/C(=O)c2ccccc2O)ccc1O	B			
420886	0.21796638	696	COc1cc2c(cc1NS(=O)(=O)c1cccc(Cl)c1Cl)[nH]c(=O)n2C	B			
337421	0.21793115	697	Cc1ccc2c(c1C)N(S(=O)(=O)c1csc(C(F)(F)F)c1)Cc1ccc(C(F)(F)F)nc1N2	B			
261287	0.21790929	698	Cn1c(=O)[nH]c(=O)c2c1nc(Sc1nc3ccccc3[nH]1)n2Cc1ccccc1	B			
219040	0.21789902	699	CC(C)c1ccc(OCC(=O)NNC(=S)NC(=O)/C=C/c2cc3ccccc3o2)cc1	B			
197954	0.21788031	700	C=C1[C@H](O)[C@H]2[C@@H](OC(=O)c3ccccc3)[C@](C)(OC(C)=O)C[C@]2(O)[C@H](OC(C)=O)[C@@H](C)/C=C/C(C)(C)C(=O)[C@H](OC(C)=O)[C@H]1OC(C)=O	B			
348579	0.21786703	701	CCOC(=O)C(C)Oc1cccc2c(=O)n(CC(=O)Nc3ccc(OCC)cc3)ccc12	B			
5975	0.21778056	702	Cc1nn(-c2cccc(-c3n[nH]c(=O)[nH]3)c2)c2c1CCN(c1ccc(-c3ccccc3C[N+]3CCCC3)cc1)C2=O	B			
515394	0.21774836	703	CCOCn1c(C(C#N)c2cc(C)cc(C)c2)cc(=O)n(O)c1=O	B			
17921	0.2177099	704	COC[C@H]1OC(=O)c2coc3c2[C@@]1(C)C1=C(C3=O)[C@@H]2CCC(=O)[C@@]2(C)CC1	B			
261423	0.21762533	705	O=c1[nH]c(=O)n(C2CC2)c2nc(Cc3cn4ccccc4n3)n(Cc3ccccc3)c12	B			
72287	0.21759138	706	COc1ccc(/C=C/C(=O)C(=O)NCCc2ccccc2)cc1	B			
191162	0.21749136	707	Cc1cccc(/C=C/C(=O)c2cc(Cl)ccc2O)c1	B			
132092	0.21747878	708	CC(C)c1cc(/C=C(\C#N)C(N)=O)cc(C(C)C)c1O	B			
142532	0.21740241	709	Cc1ccccc1C(=O)C=C1SCC(=O)N1C	B			
186668	0.21738105	710	CCCCNC(=O)C(=O)[C@H](Cc1ccccc1)NC(=O)C1Cc2cc3c(cc2S(=O)(=O)N1CC)OCCO3	B			
279934	0.21733677	711	Cc1c(O)cccc1NC(=O)Nc1sc(C(C)(C)C)cc1C(=O)N1CCS(=O)(=O)CC1	B			
168405	0.21729554	712	Cc1c(C(C)(C)C)s/c(=N\S(=O)(=O)c2cc(Cl)ccc2O)n1C	B			
3596	0.21729358	713	Cn1c(=O)c2nc(Cl)[nH]c2n(C)c1=O	B			
147519	0.2171902	714	CCC(c1ccc(C(F)(F)F)nc1)n1nc(C2CC2)c2c(=O)[nH]c(C)nc21	B			
495184	0.21717444	715	CCCc1cc2[nH]c(C)nc(N3CCCCC3)c-2n1	B			
41565	0.21713865	716	Nc1nc(Cl)cc(-c2nn(C(F)F)cc2CN2CCCc3ccccc32)n1	B			
39682	0.21708378	717	C=C1C(=O)C[C@H]2[C@H]1CC/C(C)=C/CC[C@@]1(C)O[C@@H]21	A			
449885	0.2170323	718	C/C=C(\C)[C@@H]1C(C)=C[C@@H]2CC(C)=CC[C@H]2[C@@H]1/C=C/C=C(\C)[C@@H](O)[C@@H](C)C(=O)O	B			
41572	0.21692315	719	Nc1nc(Cl)cc(-c2nn(C(F)F)cc2Cc2ccccc2C2CC2)n1	B			
164421	0.21689405	720	COC(=O)c1sc(CBr)cc1NC(=O)Nc1ccc(C)cc1	B			
168580	0.2168922	721	Cc1cccc(Cc2cc(=O)[nH]c(SCC(C)C)n2)c1	B			
346845	0.21682145	722	Cc1cc(=O)[nH]c(-n2ncc(C(=O)N3CCC(C(F)(F)F)CC3)c2C(C)C)n1	B			
190866	0.21675721	723	O=c1[nH]c2ccccc2n1-c1cc(C(F)(F)F)ccc1O	B			
228143	0.21675335	724	COc1ccc(-n2nnc3ccc(N4CCCCCC4)nc32)cc1	B			
510433	0.21674299	725	C=C1C(=O)O[C@@H]2/C=C(/C)C(=O)[C@@H]3O[C@H]3[C@](C)(O)C[C@@H](OC(=O)C(C)C)[C@@H]12	B			
257312	0.21673274	726	COc1ccc(-c2cc(C(F)(F)F)n3nc(C(=O)N4CCCCC4C)cc3n2)cc1	B			
268481	0.21671417	727	CCn1nc(C(=O)Nc2ccccc2)cc1C	B			
217282	0.21668041	728	COc1cc(/C=C/c2nc(CCc3ccccc3)no2)cc(OC)c1O	B			
107809	0.21665677	729	CC1(C)CCc2c(sc3nc(CCO)nc(N4CCN(C(=O)c5ccco5)CC4)c23)C1	B			
398809	0.2165239	730	CC1CNc2nc(nc(-c3cccc(C(F)(F)F)n3)n2)Nc2cc(cc(C(F)(F)F)c2)CCCCO1	B			
329428	0.21652102	731	O=c1[nH]c2c(=O)n(-c3ccccc3Cl)c3nc(C(F)(F)F)ccc3c2[nH]1	B			
515534	0.21648148	732	CCc1cc(/C=C\c2nc3ccccc3o2)c(O)nc1C	B			
406674	0.2164564	733	COc1ccc(/C=C/C(=O)/C=C(O)/C=C/c2ccc(OCc3ccccc3)cc2)cc1	B			
303431	0.21634436	734	CCc1ccc(/C=C/C(=O)c2ccc(-n3ccnc3)cc2)cc1	B			
510564	0.21631971	735	CCC(C)c1nc2nc(C)cc(Nc3ccc(C(F)(F)F)cc3)n2n1	B			
351343	0.21630831	736	CSc1c(NS(=O)(=O)c2ccc(C(C)(C)C)cc2)noc1C	B			
60510	0.21629769	737	Cc1c(OC(=O)c2ccc([N+](=O)[O-])cc2)c2c(c[n+]1C)COC(C)(C)OC2	B			
187010	0.21626711	738	O=C[C@H](Cc1ccccc1)NC(=O)C1=Nc2cc3c(cc2S(=O)(=O)N1)OCCO3	B			
476644	0.21625876	739	C=CCNC(=O)O[C@H]1[C@H]2C(C)(C)CC[C@H](O)[C@]2(C)[C@@]2(O)C(=O)C[C@](C)(C=C)O[C@]2(C)[C@H]1OC(C)=O	B			
20135	0.21621694	740	C=CS(=O)(=O)Nc1ccc2oc(CCCC)c(C(=O)c3ccc(OCCCN(CCCC)CCCC)cc3)c2c1	B			
360239	0.21616903	741	C=C1C=C(C)[C@H](/C(C)=C/C=C/C=C/C=C/[C@]2(C)[C@H]3OC(=O)[C@]2(C)C(=O)[C@@H]3C)O[C@H]1C	B			
69788	0.2161427	742	O=C1Nc2c(Cl)cc3cc(C(=O)N(CC4CCC4)CC4CCCO4)oc3c2C2(CCCCC2)N1	B			
361950	0.21601623	743	C=c1[nH][nH]c(=O)c1=Cc1cn(-c2ccccc2)nc1-c1ccccc1	B			
168424	0.21599065	744	Cc1c(Cc2c(Cl)cccc2Cl)nc(SC2CCCCC2)[nH]c1=O	B			
512796	0.215936	745	Cc1ccc(Sc2cc(C)c3n[nH]c(=O)n3n2)cc1	B			
18250	0.21590617	746	CCOc1cc(Cl)ccc1-c1onc(C(=O)NC2CCOCC2)c1C	B			
34188	0.21586038	747	CCOC(=O)/C=C/C(=O)[C@H](CC(C)C)NC(=O)[C@H](Cc1ccccc1)NC(=O)OCc1ccccc1	B			
452399	0.21585742	748	Cc1nc2sc3ccccc3n2c1C(=O)NC1CCCCC1	B			
276528	0.21584685	749	C[C@@H]1CN(C(=O)n2sc3c(ccc[n+]3[O-])c2=O)C[C@H](C)O1	B			
314525	0.21583241	750	CCN(CC)c1ccc(C(=O)CS(=O)(=O)c2ccccc2)cc1	B			
60315	0.21582545	751	CC(=O)c1ccc(NC(=O)CSc2ccsc2[N+](=O)[O-])cc1	B			
18003	0.2158182	752	CC(C)c1cccc(C(C)C)c1OC(=O)NS(=O)(=O)N1CCCC1	B			
147339	0.21576951	753	Cc1cccc(C(=O)ON=C2CCS(=O)(=O)c3sccc32)c1	B			
348585	0.21576035	754	CCOC(=O)c1c(C)[nH]c(C(=O)C(C)OC(=O)c2cccc(OCc3c(C)noc3C)c2)c1C	B			
428522	0.21569625	755	COC(=O)c1ccccc1NC(=O)COC(=O)c1ccco1	B			
17927	0.21563807	756	COC[C@H]1OC(=O)c2coc3c2[C@@]1(C)C1=C(C3=O)[C@@H]2C[C@@H](OC(C)=O)C(OC(C)=O)[C@@]2(C)C[C@H]1OC(C)=O	B			
39717	0.21561481	757	CC(C)c1cc(C#N)cc(C(C)C)c1NC(=O)N=S(N)(=O)c1cc(C#N)cc(C(C)(C)O)c1	A			
260730	0.21558577	758	COc1ccc2[nH]c(Sc3nc4c(c(=O)[nH]c(=O)n4C)n3Cc3ccccc3)nc2c1	B			
16842	0.21554197	759	Cc1[nH]c2c(-c3ccccc3)c(C(F)(F)F)nn2c(=O)c1-c1nnc(N2CCCC(O)C2)o1	B			
197957	0.2155411	760	C=C1[C@H](OC(C)=O)CC(=O)C(C)(C)/C=C/[C@H](C)C(=O)[C@@]2(OC(C)=O)C[C@H](C)[C@H](OC(C)=O)[C@@H]2[C@H]1OC(=O)c1ccccc1	B			
489819	0.21543303	761	COc1cc(N2CCC(F)(F)CC2)ccc1-c1nc2snc(C3CCCCC3)c2c(=O)[nH]1	B			
98447	0.21534044	762	CN1CCN(C(=O)c2ccc(-c3cc4c(N5CCC[C@H](C(=O)NCc6ccc(OC(F)(F)F)cc6)C5)ncnc4[nH]3)cc2)CC1	B			
260636	0.215334	763	CCn1c(=O)[nH]c(=O)c2c1nc(Sc1nc3ccccc3[nH]1)n2Cc1ccccc1	B			
522148	0.215291	764	CCn1c(=O)[nH]c(=O)c2c1nc(Cc1nc3ccccc3[nH]1)n2Cc1ccccc1	B			
63551	0.21528697	765	COc1cc(C(C)C)c(C)cc1-n1nnc(S(=O)(=O)c2ccc(C(C)(C)C)cc2)c1C	B			
304083	0.21523073	766	Cc1ccc(/C=C/C(O)=C/C(=O)c2ccccc2O)cc1	B			
300311	0.21515067	767	CC(C)Oc1cc(OC(C)C)c2nn(CC(=O)c3cc(OCCO)cc(C(C)(C)C)c3)c(=N)n2n1	B			
441418	0.21513873	768	COc1cc(/C=C/C(=O)Nc2ccccc2)ccc1O	B			
126124	0.21510805	769	CCOC(=O)c1c(NC(=O)CSc2nnc(C)c(=O)[nH]2)sc2c1CCCC2	B			
428355	0.21508574	770	CCOC(=O)c1ccccc1NC(=O)CN(c1ccccc1)S(=O)(=O)N(C)C	B			
420890	0.21503328	771	COc1cc2c(cc1NS(=O)(=O)c1cccc(Cl)c1Cl)[nH]c(=O)n2CCN(C)C	B			
322184	0.21500257	772	CCOC(=O)N1CCc2c(sc3nc(SCC(=O)c4ccccc4)n(N)c(=O)c23)C1	B			
428356	0.21500191	773	CCOC(=O)c1ccccc1NC(=O)COc1ccccc1	B			
107810	0.2149295	774	CC1(C)CCc2c(sc3nc(CO)nc(N4CCN(C(=O)c5ccco5)CC4)c23)C1	B			
145609	0.2149117	775	CC(C)(C)C(O)CNC(=O)[C@@H]1C[C@H]2C[C@H]2N1C(=O)Cn1nc(C(N)=O)c2ccccc21	B			
293592	0.21482706	776	Cc1noc(NS(=O)(=O)c2ccsc2C(=O)Nc2cc3c(cc2CCO)OCO3)c1Cl	B			
80535	0.21482633	777	CC(=O)OCC(C)(C)C(=O)N1CCN(c2nc(C3CC3)c3c(c2C#N)CC(C)(C)OC3)C[C@H]1C(C)C	B			
495312	0.21481797	778	Cc1cc2[nH]c(C)nc(N3CCCCC3)c-2n1	B			
346244	0.21479152	779	COc1ccc2c(n1)nn1c(O)c(C(=O)NC3CC3)c(=O)n(CC(C)(C)C)c21	B			
516605	0.21478328	780	Cc1cc(C)cc(C(C#N)c2nc(SC(C)C)[nH]c(=O)c2C)c1	B			
68593	0.21477613	781	COC(=O)c1c(NC(=O)c2ccccc2)sc2c1CC(C)(C)OC2	B			
140311	0.2147322	782	CCOc1ccc(OCC)c(NC(=O)CCS(=O)(=O)c2ccc(Br)s2)c1	B			
68078	0.21471837	783	COc1cc(/C=C/C(=O)c2ccc(C)cc2)ccc1OCC#N	B			
126690	0.21465853	784	Cc1ccccc1CSc1nc(O)c2c[nH]nc2n1	B			
520106	0.21462756	785	COc1cc(/C=C/C(=O)/C=C/c2nc(C)c(C)nc2C)ccc1O	B			
39783	0.21462081	786	CCOC(=O)C(Cc1ncccn1)OC(=O)Nc1c(C)cccc1C	A			
366174	0.21462052	787	Cc1ccc(/C=C/C(=O)c2cc(Br)ccc2OC(=O)c2ccco2)cc1	B			
65153	0.21457675	788	Cn1c(=O)c2[nH]c(N3CCN(c4ccccc4O)CC3)nc2n(C)c1=O	B			
262870	0.21457008	789	COc1cc(/C=C2\SC(=O)NC2=O)ccc1OS(=O)(=O)c1c(C)cc(C)cc1C	B			
12224	0.21454735	790	CCCC1=C(C)c2cc3c(C)c(C)oc3cc2O[C]1[O-]	B			
213070	0.21452205	791	Cc1ccccc1C(=O)n1nc(C)c(Cl)c1C	B			
278507	0.21445283	792	C/C=C(\C)C[C@H](C)[C@@H](O)[C@H](C)C(=O)[C@H](C)/C=C(C)/C=C/C[C@@H](C)/C=C(\C=C\[C@H]1CC=CC(=O)O1)CC	B			
515241	0.21443328	793	CCc1cc(N(C)Cc2nc3c(Cl)ccc(Cl)c3o2)c(O)nc1C	B			
191035	0.2143955	794	COc1ccc(/C=C/C(=O)c2cc(Cl)ccc2O)cc1OC	B			
356725	0.21439439	795	COc1cccc(C(=O)Nc2sc3c(c2C(N)=O)CCCC3)c1	B			
13234	0.21439183	796	NC(=O)c1ccc([N+](=O)[O-])cc1NC(=O)Cc1ccccc1	B			
190570	0.21433999	797	Cc1c2c(n3c1CCN(C(=O)CO)C[C@@H](C)[C@H](C)Nc1cc-3ccc1C(N)=O)CC(C)(C)CC2=O	B			
300452	0.21429783	798	COCCCOc1cc(C(=O)Cn2nc3c(C)cc(OCCO)nn3c2=N)cc(C(C)(C)C)c1	B			
61498	0.21427992	799	CCOC(=O)c1cc(C#N)c(N2CCCN(C(=O)NS(=O)(=O)c3ccc(Cl)s3)CC2)nc1C	B			
39070	0.21426718	800	COc1ccc(-n2nc3cc(N)c(Br)cc3n2)cc1	B			
128370	0.21426708	801	Cc1cc(C)c(S(=O)(=O)n2cc3c(=O)oc4ccccc4c3n2)c(C)c1	B			
453825	0.21420728	802	Cc1nc(O)cc(C[S+]([O-])C(c2ccccc2)c2ccccc2)n1	B			
195812	0.21413668	803	CC1Cc2nn(C)c(-c3ccccc3Cl)c2-c2nc(Nc3ccn(C)n3)ncc21	B			
115850	0.2140842	804	CCCCCCCC(=O)n1cc(Br)c(=O)[nH]c1=O	B			
107529	0.2140148	805	COc1ccc(C(=O)Nc2sc3c(c2C(=O)O)CC(C)(C)OC3)cc1OC	B			
16882	0.21401194	806	Cc1[nH]c2c(-c3ccccc3)c(C(F)(F)F)nn2c(=O)c1C(=O)Nc1ccon1	B			
118843	0.21391603	807	Cc1ccc(N[C@@H]2CCCC[C@H]2Cc2nc3c(C(C)C)n[nH]c3c(=O)[nH]2)nn1	B			
256936	0.21390848	808	Cc1c(C2CCCC2)c(=O)on1C(=O)N1CCC(c2ccccc2)CC1	B			
217647	0.21388099	809	O=c1c(/C=N/Nc2ccc(C(F)(F)F)cc2)coc2c1ccc1oc(-c3ccc(Cl)cc3)cc12	B			
476688	0.21383762	810	CCc1cc(=O)[nH]c(-n2nc(C)cc2NC(=O)c2cc(C)cc(C)c2)n1	B			
303554	0.21378961	811	COc1ccc(/C=C/C=C/C(=O)c2ccccc2O)cc1	B			
150027	0.21370015	812	COc1ccc(Cc2nc3c(c(C4CC4)nn3[C@H](C)c3ccc(C(F)(F)F)nc3)c(=O)[nH]2)nc1	B			
453824	0.21369606	813	Cc1nc(C[S+]([O-])C(c2ccccc2)c2ccccc2)sc1C	B			
415175	0.21368344	814	CCc1ccc(N(CC(C)C)S(=O)(=O)c2ccc3c(c2)[S+]([O-])C(C)(C)N3CC2CCOCC2)cc1	B			
190560	0.21368062	815	Cc1c2c(n3c1CCCNC(=O)[C@H](C)Nc1cc-3ccc1C(N)=O)CC(C)(C)CC2=O	B			
347690	0.2136659	816	COc1cc(Cl)c2c(c1)CCN2c1nc(Cl)cn([C@@H](COCCF)C2CC2)c1=O	B			
167750	0.21365085	817	CCOc1ccc(F)c(CCNC(=S)Nc2ccc(Br)cn2)c1C#N	B			
302330	0.21363221	818	CC(C)c1ccc(S(=O)(=O)NC(=O)C(c2ccc3c(c2)OCO3)n2nc(C3CC3)ccc2=O)cc1	B			
79224	0.21356452	819	O=C(Nc1nc2ccccc2n1CC1CCCO1)c1cccc([N+](=O)[O-])c1	B			
522158	0.21348424	820	Cn1c(=O)[nH]c(=O)c2c1nc(Sc1nc3cccnc3[nH]1)n2Cc1ccccc1	B			
307454	0.21344016	821	Cc1cc(O)cc(C)c1-c1nc2c([nH]1)c(=O)n(C)c(=O)n2C	B			
173459	0.2133756	822	NC(=O)c1c(NC(=O)COC(=O)CCCc2c[nH]c3ccccc23)sc2c1CCC2	B			
346197	0.21336128	823	COC(=O)c1cnn(-c2nn3c(F)ccc3c(=O)[nH]2)c1C	B			
404864	0.21331236	824	COc1nc(-c2csc(Nc3c4c(nn3C(C)C)CCC4)n2)ccc1-n1cnc(C)c1	B			
80644	0.21319914	825	CC(C)C(C)Nc1nc(NC(C)C(C)C)nc(-c2cccc(C(F)(F)F)n2)n1	B			
423380	0.21318921	826	CC(=O)N1c2ccc(S(=O)(=O)N3CCCC(C(=O)Nc4cccc(Cl)c4)C3)cc2CC1C	B			
17649	0.21317163	827	CC(C)c1cccc(C(C)C)c1NC(=O)NS(=O)(=O)N(C)CCc1ccccc1	B			
105833	0.21316823	828	Cc1nc2cc(C3CCC3)c(C#Cc3nc(N4CCCC4)nn3C)nn2c1C	B			
347955	0.21316801	829	CCCC(CCC)n1c(CC)nc2c1c(=O)n(C)c(=O)n2-c1c(C)cc(C)cc1C	B			
187025	0.21315512	830	C=CC(=O)N(c1ccc(C(C)(C)C)cc1)C(C(=O)NCCc1cccc(F)c1)c1cccnc1	B			
199597	0.21311931	831	CCCOC(=O)c1ccccc1NC(=O)c1ccc(OC(=O)C(C)(C)C)cc1	B			
347006	0.21310727	832	Cn1ccnc1Nc1cc2n(CC(C)(C)C)c(=O)c(C(=O)NC3CC3)c(O)n2n1	B			
369257	0.21309885	833	O=S(=O)(Nc1cc(Cl)ccc1[S+]([O-])Cc1cccnc1F)c1cc2ccccc2o1	B			
344049	0.21309796	834	Cc1c(C(C)(C)C)s/c(=N\S(=O)(=O)c2ccc3ccccc3c2)n1CC1CC1	B			
363247	0.21308711	835	Cc1cc(C)c2c(=O)n(CC(=O)Nc3ccc(Cl)cc3)sc2n1	B			
186872	0.2130443	836	C=CCNC(=O)C(=O)[C@H](Cc1ccccc1)NC(=O)C1Cc2cc3c(cc2S(=O)(=O)N1CC)OCCO3	B			
139970	0.21300356	837	CC(=O)c1c(OC(=O)c2ccco2)c2ccccc2n1C	B			
75151	0.21299462	838	CCOC(=O)C(Oc1cc2nn(CC(=O)N3CCOCC3)cc2cc1NC(=O)c1cccc(C(F)(F)F)n1)C(C)C	B			
404938	0.21298498	839	Cc1ccc(S(=O)(=O)N(CCC(C)(C)C)c2cc(Cl)ccc2CO)cc1	B			
118643	0.2129509	840	COc1cccc(C2CCN([C@H](C)c3nc4c(cnn4C4CCCC4)c(=O)[nH]3)C2)c1OC	B			
346888	0.2129477	841	Cc1cncc(Nc2cc3n(CC(C)(C)C)c(=O)c(C(=O)NC4CC4)c(O)n3n2)n1	B			
16292	0.21290778	842	O=C(COc1ccc(Cl)c2ccccc12)Nc1ncccc1O	B			
187960	0.21282399	843	CC(C)(C)c1ccc(-c2cc3nc(SCc4[nH]c(=O)[nH]c(=O)c4Cl)[nH]c(=O)n3n2)cc1	B			
17638	0.21275643	844	CC(C)c1cccc(C(C)C)c1NC(=O)NS(=O)(=O)N(C)C	B			
350699	0.21273445	845	Cc1ccc(C(=O)CNc2cc(C)ccc2C)cc1	B			
276353	0.21269359	846	CC(C)C(=O)N1CCN(C(=O)n2sc3c(ccc[n+]3[O-])c2=O)CC1	B			
134720	0.21267942	847	COc1cc(O)c2c(c1)CCN(c1cccc(C(=O)N3CCCCC3)c1)C2=O	B			
514538	0.2126674	848	C=C1C(=O)O[C@@H](CCCCCCCCCCCCC)[C@@H]1C(=O)O	B			
361524	0.21264455	849	Cc1nc(C)c(-c2cc3nc(N4CCCC4)cc(N(C)C4CCOCC4)n3n2)nc1C	B			
19910	0.21263799	850	C#CCNS(=O)(=O)c1ccc(CCN(Cc2cc(Cl)ccc2OCCC)C(=O)c2ccc(O)cc2)cc1	B			
208301	0.21257246	851	COc1nc(-c2csc(Nc3c4c(nn3C3CCC3)CCCC4)n2)ccc1-n1cnc(C)c1	B			
64968	0.21254158	852	Cn1c(-c2ccc(CN3CCCC3)cc2)cc2onc(-c3ccccc3Cl)c2c1=O	B			
6893	0.21246028	853	COC1=C2C[C@@H](C)C[C@H](OC)[C@H](O)[C@H](C)/C=C(\C)[C@@H](O[C](N)[O-])[C@@H](OC)/C=C/C=C(/C)C(=O)NC(=C(C)C1=O)C2=O	B			
195895	0.21241046	854	CCOC(=O)C1CCCN(c2nc3c(c(Nc4cc(C)[nH]n4)n2)CCC3)C1	B			
211261	0.21234767	855	CC(C)(C)c1ccc2oc(NS(=O)(=O)c3cc(Cl)ccc3Cl)nc2c1	B			
428472	0.21234724	856	CCOc1ccc(CC(=O)Nc2c(C(N)=O)oc3ccccc23)cc1OCC	B			
271845	0.21231958	857	CC(=O)OC[C@H]1[C@H]2CC[C@@H](C)[C@]1(C)CC/C(C)=C/CC[C@@]1(C)O[C@@H]1[C@@H]2O	B			
199564	0.21229053	858	CCC(CC)C(=O)Oc1coc(CSc2nc3ccccc3s2)cc1=O	B			
57773	0.21222106	859	C=CCOC(=O)N1CCc2c(c(=O)oc3c(C4SCCCS4)c(O)ccc23)C1	B			
20229	0.21214244	860	COc1ccc(Cl)cc1C(=O)NCCc1ccc(S(=O)(=O)N2CCCC2)cc1	B			
118980	0.21210018	861	O=c1[nH]c(Cc2ccccc2-c2cccc(C(F)(F)F)n2)nc2c1cnn2C1CCOCC1	B			
145802	0.21205808	862	CN(CC(=O)Nc1cccc(Br)n1)C(=O)Cn1nc(C(N)=O)c2ccccc21	B			
64633	0.21196145	863	COc1ccc(C(C)(C)C)cc1-n1nnc(S(=O)(=O)c2ccc(C(C)(C)C)cc2)c1C	B			
191132	0.21195507	864	Cc1ccc(/C=C/C(=O)c2ccc(O)cc2O)c(C)c1	B			
10346	0.21194763	865	CCc1c(C(=O)Nc2cc(S(=O)(=O)N(CC)CC)ccc2O)[nH]c(C)c1C(=O)CO	B			
322130	0.21193238	866	CC(=O)Nc1sc2c(c1C#N)CCCC2	B			
24502	0.21191062	867	CC1CCCCN1CC(=O)Nc1sc2c(c1C#N)CCC2	B			
32862	0.21190321	868	Cc1ccc(NC(=O)c2nc(S(=O)(=O)Cc3ccccc3C)ncc2Cl)cc1C	B			
217034	0.21189488	869	COc1cccc(/C=C/C(=O)c2ccc(Br)cc2)c1OC	B			
520803	0.21189311	870	Cn1c(=O)c2cc(S(=O)(=O)NC3(C)CC3)ccc2n(Cc2noc(C(N)=O)n2)c1=O	B			
2914	0.21187337	871	CC(=O)c1cc(F)c(Cl)cc1NCC(=O)Nc1ccccc1C(=O)[O-]	B			
455329	0.21185969	872	Cc1cc(=O)n2[nH]c(SCc3c(Cl)cccc3Cl)nc2n1	B			
346722	0.21181563	873	Cc1c(C(=O)N2CCCCC2)cnn1-c1nc2c(c(=O)[nH]1)CCC2	B			
406675	0.21181045	874	COc1ccc(/C=C/C(=O)CC(=O)/C=C/c2ccc(OC)cc2)cc1	B			
345637	0.21180083	875	CCC(CC)n1cc2c3c(nc(C)nc31)N(c1ccc(C(F)(F)F)cc1C(F)(F)F)CC2	B			
300402	0.21177496	876	CCOc1nn2c(NC)n[n+](CC(=O)c3cc(N4CCOCC4)c(OC)c(C(C)(C)C)c3)c2c(C)c1C	B			
420810	0.21170285	877	CC1CN(c2cnc3c(C(F)(F)F)nn(C(C)c4ccc(Cl)cc4Cl)c3n2)CCC1N1CCCCC1	B			
116710	0.21167754	878	CCOC(=O)CNC(=O)CNC(=O)Cn1ccc2ccccc2c1=O	B			
226779	0.21161489	879	C=CC(=O)Oc1ccc(C(=O)OCCCCC)cc1	B			
327212	0.21159774	880	O=C(CCN1C(=O)C2C3CC(C(Br)C3Br)C2C1=O)OCC(=O)c1cccc([N+](=O)[O-])c1	B			
401007	0.21158078	881	CC1=C[C@@H](C)CC=C[C@H]2[C@@H]3O[C@]3(C)[C@@H](C)[C@H]3[C@H](Cc4c[nH]c5ccccc45)NC(=O)[C@]32C(=O)C=CC(=O)[C@@H]1O	B			
16885	0.21150786	882	Cc1[nH]c2c(-c3ccccc3)c(C(F)(F)F)nn2c(=O)c1C(=O)Nc1nc(C(C)C)co1	B			
15297	0.21150598	883	COc1ccc(S(=O)(=O)N2CCc3ccccc3C2)cc1NC(=O)Cc1n[nH]c(=O)c2ccccc12	B			
190572	0.21140356	884	Cc1c2c(n3c1CCN(C(=O)[C@@H](O)C(C)C)C[C@@H](C)[C@H](C)Nc1cc-3ccc1C(N)=O)CC(C)(C)CC2=O	B			
177492	0.21136452	885	COc1nc(-c2csc(Nc3c4c(nn3C(C)(C)C)CCCC4)n2)ccc1-n1cnc(C)c1	B			
208601	0.21136265	886	Cc1cc(OCC(=O)Nc2cc(-n3nc(C)cc3C)nc(-c3ccc(C)o3)n2)cc(C)n1	B			
452090	0.2113366	887	CCOC(=O)CC(=O)CSc1nc2c(cc1C#N)CCC2	B			
177785	0.21130532	888	Nc1nc2ccc(C(F)(F)F)cc2n1CC(O)c1ccc(C(F)(F)F)cc1Cl	B			
293611	0.2112952	889	Cc1noc(NS(=O)(=O)c2ccsc2C2(Cc3ccc4c(c3)OCO4)OCCO2)c1Cl	B			
406179	0.2112828	890	CCOC(=O)Cn1sc(=O)n(CC(=O)N2CCCCC2)c1=O	B			
364302	0.21128163	891	CCn1c(Cl)c(C=O)sc1=NS(=O)(=O)c1ccccc1	B			
19404	0.21119036	892	CCCCCCOS(=O)(=O)NC(=O)Oc1c(C(C)(C)C)cc(C)cc1C(C)(C)C	B			
356671	0.21118057	893	COc1ccc(OCC(=O)Nc2sc3c(c2C(N)=O)CCCC3)cc1	B			
100385	0.21116728	894	COc1cc(/C=C/C(=O)c2ccc3ccccc3c2)cc(Cl)c1OC	B			
272446	0.21116617	895	CCOC(=O)c1cn2nc(-c3c[nH]c(=O)[nH]c3=O)cc(C3CC3)c2n1	B			
345642	0.21115617	896	CCCC(CCC)n1cc2c3c(nc(C)cc31)N(c1ccc(C(F)(F)F)cc1C(F)(F)F)CC2	B			
245518	0.2111077	897	COc1cccc(Cn2c(=O)oc3ccc(O)cc32)c1OC	B			
168161	0.21105723	898	CCc1cc([S+]([O-])Cc2nc3c(Cl)ccc(Cl)c3o2)c(=O)[nH]c1C	B			
199575	0.21104556	899	CCCC(=O)c1ccccc1NS(=O)(=O)c1ccc(OC(=O)C(C)(C)C)cc1	B			
303567	0.21103863	900	COc1ccc(C(=O)/C=C/c2ccccc2Cl)cc1	B			
303868	0.21101661	901	Cc1ccc(NC(=O)c2cn(C)c3ccccc3c2=O)cc1C	B			
60392	0.21097791	902	CCOc1ccccc1NC(=O)CCS(=O)(=O)c1ccc(Br)cc1	B			
3547	0.21097587	903	CC#CCn1c(N2CCC[C@@H]([NH3+])C2)[nH+]c2c1c(=O)n(Cc1nc(C)c3ccccc3n1)c(=O)n2C	B			
256938	0.21097143	904	Cc1c(CC(C)C)c(=O)on1C(=O)N1CCC(c2ccccc2)CC1	B			
176753	0.210949	905	COC(OC)[C@@H]1CC(=O)[C@@H]2C[C@H]1C2(C)C	B			
276585	0.21091975	906	O=C(C#Cc1ccc([N+](=O)[O-])cc1)n1nnc2ccccc21	B			
239496	0.21090795	907	O=C(Nc1nc2ccccc2s1)C1C(=O)N2CCCc3cc(F)cc1c32	B			
54510	0.21077512	908	C[C@@]12C(=O)OC(=O)[C@]1(C)C1CCC2O1	B			
314168	0.21075858	909	CC(C)c1sc(Nc2ccccn2)nc1O	B			
303421	0.2107351	910	CCOc1ccc(C(=O)/C=C/c2ccc([N+](=O)[O-])cc2)cc1	B			
202581	0.210703	911	Cn1oc2c(c1=O)C[S+](C)CC2	B			
8966	0.21068871	912	Cc1cn(-c2cc3c(c(CC(C)C)c2)C(=O)NCC3)c2c1C(=O)CC(C)(C)C2	B			
401184	0.21068755	913	CC(C)C[C@H](CO)Nc1nc(CC(C)c2ccc3c(c2)oc(=O)n3C)nc(NS(C)(=O)=O)n1	B			
452014	0.21067095	914	O=C(Cn1cnc2ccccc2c1=O)Nc1cc(C(F)(F)F)ccc1Cl	B			
470700	0.21061853	915	CCOC(=O)C1CCN(c2ncnc3c2nnn3Cc2ccccc2Cl)CC1	B			
69868	0.21056278	916	O=C1Nc2c(Cl)cc3nc(C(=O)N4CCN(CC(F)F)CC4)oc3c2C2(CCCCC2)N1	B			
36784	0.21047442	917	Cn1cc(Nc2ncc(C(F)(F)F)c(N[C@@H]3[C@H]4CC[C@H](C4)[C@@H]3C(N)=O)n2)cn1	B			
197983	0.2104665	918	CC(=O)OC[C@]12[C@H](OC(C)=O)C(=O)[C@@H]3[C@@H](O)[C@]1(OC3(C)C)[C@H](C)[C@@H](O)[C@H](OC(C)=O)[C@@H]2OC(C)=O	B			
513636	0.21043952	919	Cn1c(=O)c2c(ccn2CC(=O)Nc2ccc(C(F)(F)F)cc2)n(C)c1=O	B			
108492	0.21043026	920	CCOc1ccc(Br)cc1-c1noc(-c2cccs2)n1	B			
239146	0.21041897	921	COc1cccc(/C=C/C(=O)c2ccccc2)c1	B			
103588	0.21041659	922	CCOCc1cccc2nc(NC(=O)c3sc4c(C(C)=O)ccc(COC)c4c3C)ccc12	B			
276350	0.21040475	923	CC(=O)N1CCN(C(=O)n2sc3c(ccc[n+]3[O-])c2=O)CC1	B			
107535	0.21039885	924	Cc1c(C(=O)OCC(=O)c2c(N)n(CC(C)C)c(=O)n(C)c2=O)oc2ccccc12	B			
327214	0.2103524	925	O=C(CN1C(=O)C2C3CC(C(Br)C3Br)C2C1=O)OCC(=O)c1cccc([N+](=O)[O-])c1	B			
38774	0.21031904	926	CC(=O)Nc1ccc(C=Cc2noc(-c3ccccc3O)n2)cc1	B			
16829	0.21031518	927	Cc1[nH]c2c(-c3ccccc3)c(C(F)(F)F)nn2c(=O)c1-c1nnc(C2CCCN(C(=O)OC(C)(C)C)C2)o1	B			
71453	0.21029568	928	Cn1c(=O)c2c(ccn2CC(=O)Nc2ccc(OC(F)(F)F)cc2)n(C)c1=O	B			
34183	0.2101951	929	CCOC(=O)/C=C/C(=O)[C@@H](CC(C)C)NC(=O)[C@H](Cc1ccccc1)NC(=O)OCc1ccccc1	B			
516113	0.2100587	930	Cc1c(C)c(C)c(S(=O)(=O)n2c(=O)[nH]c3ccc(Cl)cc32)c(C)c1C	B			
107501	0.21001644	931	CCOC(=O)c1cc2ccccc2n1C(=O)c1ccc(C)cc1	B			
328480	0.210003	932	CCn1cc(CN2CCN(c3cccn4cc(-c5ccc(C(C)(C)C)cc5)nc34)CC2)c(=O)[nH]c1=O	B			
4081	0.20996411	933	C[N+](CC[NH+](C)C)[C@H]1COc2ccccc2-c2c(C3CCCCC3)c3ccc(C(=O)[O-])cc3n2C1	B			
359729	0.20988771	934	N#Cc1c(NC(=O)/C=C/c2ccc(O)cc2)sc2c1CCC2	B			
142039	0.20986702	935	O=C(Oc1oc(-c2ccco2)nc1/C=N/c1ccccc1)c1ccco1	B			
238772	0.20984466	936	CCC(=O)OC(CC)c1nc2c(C(F)(F)F)cccc2c(O)c1C(=O)Nc1nccs1	B			
260732	0.2098106	937	COc1ccc2nc(Cc3nc4c(c(=O)[nH]c(=O)n4C4CC4)n3Cc3ccccc3)[nH]c2c1	B			
346838	0.20966619	938	Cc1cc(=O)[nH]c(-n2nc(C)c(CC(=O)N3CCCC3)c2C)n1	B			
289464	0.20962463	939	CCCS(=O)(=O)c1ccc(NS(=O)(=O)c2sc3ccc(Cl)cc3c2C)cc1	B			
227306	0.20962033	940	COc1ccc(-n2ncc3c(N4CCN(c5ccccc5OC)CC4)ncnc32)cc1	B			
197985	0.20960432	941	CC(=O)OC[C@]12[C@H](OC(C)=O)C(=O)[C@@H]3[C@@H](OC(C)=O)[C@]1(OC3(C)C)[C@H](C)C[C@H](O)[C@@H]2OC(C)=O	B			
7992	0.2095045	942	O=C([C@@H](Cc1cccc(C(F)(F)F)c1)NS(=O)(=O)c1cc(F)c2c(c1)CC[NH2+]C2)N1CCCC1	B			
476133	0.20950012	943	CC(C)CNc1nc(N(C)CCC2CCOCC2)nc2c1[S@+]([O-])CC2	B			
409782	0.20946735	944	CCN(CC)CC[S+]([O-])c1ccccc1S(=O)(=O)Nc1ccc2c(c1C(=O)O)CCCC2	B			
168579	0.20945664	945	Cc1cccc(Cc2cc(=O)[nH]c(SC3CCCCC3)n2)c1	B			
97183	0.2094531	946	Cc1ccc(S(=O)(=O)N2CCN(c3nc(C4CC4)c4c(c3C#N)CC(C)(C)OC4)C[C@H]2C(C)C)cc1	B			
80529	0.20940092	947	CC(=O)N1CCN(c2nc(C3CC3)c3c(c2C#N)CC(C)(C)OC3)C[C@H]1C(C)C	B			
147937	0.20935461	948	O=C(Oc1cc(=O)n2ccccc2n1)c1ccccc1	B			
296166	0.20927614	949	O=C(Nc1ccccc1C(F)(F)F)Nc1ccc2c(c1O)S(=O)(=O)CCC2	B			
190545	0.20925635	950	Cc1c2c(n3c1CCCN(C(=O)CO)[C@@H](C)[C@H](C)Nc1cc-3ccc1C(N)=O)CC(C)(C)CC2=O	B			
276596	0.20925333	951	O=C(N1CCOCC1)n1sc2c(ccc[n+]2[O-])c1=O	B			
515533	0.20924555	952	CCc1cc(/C=C/c2nc3ccccc3o2)c(O)nc1C	B			
220432	0.20924042	953	CCC(=O)N(Cc1ccco1)c1nc(C(=O)Nc2ccc(Cl)cc2)c(C)s1	B			
152631	0.20921034	954	CCCN1C(CN(CCOC)CCOC)=Cc2cc(S(N)(=O)=O)sc2S1(=O)=O	B			
460911	0.20916313	955	COCCc1c(C)n(C(=O)N2CCC(c3cccc(C)c3)CC2)oc1=O	B			
141642	0.20910624	956	NC(=O)c1c(NC(=O)Cn2nc(C(=O)O)c3ccccc3c2=O)sc2c1CCCC2	B			
346085	0.20907085	957	CC(C)(C)Cn1c(=O)c(C(=O)NC2CC2)c(O)n2nc(Nc3cnc(C(F)F)cn3)cc12	B			
17923	0.20903255	958	COC[C@H]1OC(=O)c2coc3c2[C@@]1(C)C1=C(C3=O)[C@@H]2CCC(OC(C)=O)[C@@]2(C)C[C@H]1OC(C)=O	B			
154979	0.20902412	959	COc1cc(/C=C/C(=O)c2ccc(F)cc2)cc(OC)c1OC	B			
41573	0.2089784	960	Nc1nc(Cl)cc(-c2nn(C(F)F)cc2Cc2ccccc2OC(F)(F)F)n1	B			
338953	0.20891927	961	CCN(CC)C(=O)Nc1sc2c(c1C(=O)O)CCC2	B			
296629	0.2089132	962	COc1ccc(-c2nc(O)c3c(n2)c(C)nn3C)cc1OC	B			
59531	0.20888223	963	C[C@H](c1ccc(Cl)c(Cl)c1)n1ncc2nc(-n3cc(C(=O)O)cn3)[nH]c(=O)c21	B			
211333	0.20887277	964	COCCc1sc(S(=O)(=O)NC(=O)Nc2ncc(SC)s2)cc1C	B			
139971	0.20886566	965	CC(=O)c1sc2ccccc2c1OC(=O)c1ccco1	B			
516108	0.20885657	966	Cc1c(C(C#N)c2ccccc2C(F)(F)F)nc(SC(C)C)[nH]c1=O	B			
297402	0.20884514	967	Cc1noc(NS(=O)(=O)c2ccsc2C(=O)Nc2ccc3c(c2C)OCO3)c1Cl	B			
363522	0.20884411	968	COCCN(CC(=O)NC1CCCCC1)C(=O)/C=C/C(=O)c1ccc(OC)cc1O	B			
154071	0.20884056	969	C=CC(=O)N1CC(NC(=O)Cn2cc(I)c3cc(Br)c(C)cc32)C1	B			
18242	0.2088365	970	CCOC(=O)c1cc(C(C)(C)C)ccc1/C=C/C(=O)Nc1ccc2c(c1)OCCO2	B			
214548	0.20879716	971	COc1ccc(Cc2n[nH]c(=O)c3ccccc23)cc1-n1c(O)ccc1O	B			
323707	0.20868336	972	CC(C)NC(=O)C[C@H]1CCCN(C(=O)c2ccc(N3CCCC3)cc2Cl)c2ccccc21	B			
63540	0.20867197	973	COc1cc(C(C)=O)c(C)cc1-n1nnc(S(=O)(=O)c2ccc(C(C)(C)C)cc2)c1C	B			
90458	0.20866624	974	CON(C)CC(=O)N1CCN(c2nc(C3CC3)c3c(c2C#N)CC(C)(C)OC3)C[C@H]1C(C)C	B			
512798	0.2086593	975	Cc1ccc(Sc2ccc3n[nH]c(=O)n3n2)cc1C	B			
70618	0.2086257	976	CC1(C)C(=O)[C@@H]2O[C@@H]2[C@]2(C)[C@H]3CC[C@@]4(C)[C@H](c5ccoc5)OC(=O)[C@H]5O[C@]54[C@]3(C)[C@H](O)C[C@@H]12	B			
303553	0.2085456	977	COc1ccc(/C=C/C=C/C(=O)c2cc(F)ccc2O)cc1	B			
214755	0.20848137	978	Cc1sc2nc(SCC(=O)N3CCN(CCO)CC3)[nH]c(=O)c2c1C	B			
71697	0.20844513	979	CCCOc1ccc(NC(=O)C(C)(C)c2csc(NS(=O)(=O)C3CC3)n2)cc1	B			
364607	0.2084082	980	Cc1cccc2sc(N(CCCN(C)C)C(=O)CCS(=O)(=O)c3ccccc3)nc12	B			
272009	0.20832089	981	COC(=O)OC[C@H]1[C@H]2CC[C@@H](C)[C@]1(C)CC/C(C)=C/CC[C@@]1(C)O[C@@H]1[C@@H]2O	B			
345980	0.20829394	982	Cn1cnnc1SCC(=O)Nc1sc2c(c1C(N)=O)CCC2	B			
378111	0.20825213	983	O=C(/C=C/c1ccc(CCc2ccccc2)o1)NS(=O)(=O)c1cccs1	B			
197967	0.20817852	984	C=C1[C@H](OC(C)=O)[C@H]2[C@@H](OC(=O)c3ccccc3)[C@](C)(OC(C)=O)C[C@]2(O)C(=O)[C@@H](C)/C=C/C(C)(C)C(=O)[C@H](OC(C)=O)[C@H]1OC(=O)C(C)C	B			
17367	0.20815107	985	C[C@@H]1CCN(C(=O)Nc2nc3c(s2)-c2nc(C(C)(C)C)sc2CC3)[C@@H]1C(N)=O	B			
481765	0.20813034	986	Cc1cccc(C)c1NC(=O)c1nn(-c2ccccc2)c(C)cc1=O	B			
271617	0.20812435	987	CN(C)CCn1ncc2c(=O)n(C3CC(C)(C)CC(C)(C)C3)ncc21	B			
32849	0.20810819	988	Cc1c(C)c2c(OCC(=O)N[C@@H](C)C(=O)O)cc3c(c2oc1=O)CCC(C)(C)O3	B			
296877	0.20809773	989	Cn1c(=O)c2nc(Cc3ccccc3)[nH]c2n(C)c1=O	B			
17922	0.20806488	990	COC[C@H]1OC(=O)c2coc3c2[C@@]1(C)C1=C(C3=O)[C@@H]2CCC(=O)[C@@]2(C)C[C@H]1OC(C)=O	B			
256044	0.20794898	991	O=C(O)Cc1nn(CC(=O)Nc2cc(C(F)(F)F)ccc2Br)c(=O)c2ccccc12	B			
142040	0.20794164	992	O=C(Oc1oc(-c2ccco2)nc1/C=N/c1ccccc1)c1ccoc1	B			
183041	0.20793983	993	COc1ccc(/C=C/C(=O)c2ccc(O)cc2)cc1	B			
19222	0.20786217	994	Cc1c(C)c2c(c(C)c1O)CCC(C)(COc1ccc(Cc3sc(=O)[nH]c3O)cc1)O2	B			
127037	0.20783694	995	C[C@H]1CCN(C(=O)Nc2nc3c(s2)-c2nc(C(C)(C)C)sc2CC3)[C@@H]1C(N)=O	B			
302329	0.20783669	996	CC(C)c1ccc(S(=O)(=O)NC(=O)C(c2ccc3c(c2)OCO3)n2nc(C(C)(C)C)ccc2=O)cc1	B			
361640	0.20783663	997	Cc1nc2c(nc1-c1cc3nc(N4CCCC4)cc(NC4CCC(F)(F)CC4)n3n1)CCCC2	B			
197958	0.20778996	998	C=C1[C@H](OC(C)=O)[C@H]2[C@@H](OC(=O)CC(C)=O)[C@@H](C)C[C@]2(O)C(=O)[C@@H](C)/C=C/C(C)(C)C(=O)[C@H](OC(C)=O)[C@H]1OC(=O)c1ccccc1	B			
75811	0.20774473	999	CN1CCN(C(=O)Cn2cc3cc(NC(=O)c4cccc(C(F)(F)F)n4)c(O)cc3n2)CC1	B			
301998	0.2077114	1000	Cc1cccc(-n2ccnc2SCC(=O)N2CCCc3ccccc32)c1C	B			
